
Cell gf180mcu_fd_sc_mcu7t5v0__fillcap_4 (0) disconnected node: VDD
Cell gf180mcu_fd_sc_mcu7t5v0__fillcap_4 (0) disconnected node: VNW
Cell gf180mcu_fd_sc_mcu7t5v0__fillcap_4 (0) disconnected node: VPW
Cell gf180mcu_fd_sc_mcu7t5v0__fillcap_4 (0) disconnected node: VSS

Subcircuit pins:
Circuit 1: gf180mcu_fd_sc_mcu7t5v0__fillca |Circuit 2: gf180mcu_fd_sc_mcu7t5v0__fillca 
-------------------------------------------|-------------------------------------------
VDD                                        |VDD                                        
VNW                                        |VNW                                        
VPW                                        |VPW                                        
VSS                                        |VSS                                        
---------------------------------------------------------------------------------------
Cell pin lists are equivalent.
Device classes gf180mcu_fd_sc_mcu7t5v0__fillcap_4 and gf180mcu_fd_sc_mcu7t5v0__fillcap_4 are equivalent.

Cell gf180mcu_fd_sc_mcu7t5v0__antenna (0) disconnected node: I
Cell gf180mcu_fd_sc_mcu7t5v0__antenna (0) disconnected node: VDD
Cell gf180mcu_fd_sc_mcu7t5v0__antenna (0) disconnected node: VNW
Cell gf180mcu_fd_sc_mcu7t5v0__antenna (0) disconnected node: VPW
Cell gf180mcu_fd_sc_mcu7t5v0__antenna (0) disconnected node: VSS
Cell gf180mcu_fd_sc_mcu7t5v0__antenna (1) disconnected node: VDD
Cell gf180mcu_fd_sc_mcu7t5v0__antenna (1) disconnected node: VSS

Subcircuit pins:
Circuit 1: gf180mcu_fd_sc_mcu7t5v0__antenn |Circuit 2: gf180mcu_fd_sc_mcu7t5v0__antenn 
-------------------------------------------|-------------------------------------------
I                                          |I                                          
VDD                                        |VDD                                        
VNW                                        |VNW                                        
VPW                                        |VPW                                        
VSS                                        |VSS                                        
---------------------------------------------------------------------------------------
Cell pin lists are equivalent.
Device classes gf180mcu_fd_sc_mcu7t5v0__antenna and gf180mcu_fd_sc_mcu7t5v0__antenna are equivalent.

Cell gf180mcu_fd_sc_mcu7t5v0__oai21_1 (0) disconnected node: A1
Cell gf180mcu_fd_sc_mcu7t5v0__oai21_1 (0) disconnected node: A2
Cell gf180mcu_fd_sc_mcu7t5v0__oai21_1 (0) disconnected node: B
Cell gf180mcu_fd_sc_mcu7t5v0__oai21_1 (0) disconnected node: ZN
Cell gf180mcu_fd_sc_mcu7t5v0__oai21_1 (0) disconnected node: VDD
Cell gf180mcu_fd_sc_mcu7t5v0__oai21_1 (0) disconnected node: VNW
Cell gf180mcu_fd_sc_mcu7t5v0__oai21_1 (0) disconnected node: VPW
Cell gf180mcu_fd_sc_mcu7t5v0__oai21_1 (0) disconnected node: VSS

Subcircuit pins:
Circuit 1: gf180mcu_fd_sc_mcu7t5v0__oai21_ |Circuit 2: gf180mcu_fd_sc_mcu7t5v0__oai21_ 
-------------------------------------------|-------------------------------------------
A1                                         |A1                                         
A2                                         |A2                                         
B                                          |B                                          
ZN                                         |ZN                                         
VDD                                        |VDD                                        
VNW                                        |VNW                                        
VPW                                        |VPW                                        
VSS                                        |VSS                                        
---------------------------------------------------------------------------------------
Cell pin lists are equivalent.
Device classes gf180mcu_fd_sc_mcu7t5v0__oai21_1 and gf180mcu_fd_sc_mcu7t5v0__oai21_1 are equivalent.

Cell gf180mcu_fd_sc_mcu7t5v0__oai221_1 (0) disconnected node: A1
Cell gf180mcu_fd_sc_mcu7t5v0__oai221_1 (0) disconnected node: A2
Cell gf180mcu_fd_sc_mcu7t5v0__oai221_1 (0) disconnected node: B1
Cell gf180mcu_fd_sc_mcu7t5v0__oai221_1 (0) disconnected node: B2
Cell gf180mcu_fd_sc_mcu7t5v0__oai221_1 (0) disconnected node: C
Cell gf180mcu_fd_sc_mcu7t5v0__oai221_1 (0) disconnected node: ZN
Cell gf180mcu_fd_sc_mcu7t5v0__oai221_1 (0) disconnected node: VDD
Cell gf180mcu_fd_sc_mcu7t5v0__oai221_1 (0) disconnected node: VNW
Cell gf180mcu_fd_sc_mcu7t5v0__oai221_1 (0) disconnected node: VPW
Cell gf180mcu_fd_sc_mcu7t5v0__oai221_1 (0) disconnected node: VSS

Subcircuit pins:
Circuit 1: gf180mcu_fd_sc_mcu7t5v0__oai221 |Circuit 2: gf180mcu_fd_sc_mcu7t5v0__oai221 
-------------------------------------------|-------------------------------------------
A1                                         |A1                                         
A2                                         |A2                                         
B1                                         |B1                                         
B2                                         |B2                                         
C                                          |C                                          
ZN                                         |ZN                                         
VDD                                        |VDD                                        
VNW                                        |VNW                                        
VPW                                        |VPW                                        
VSS                                        |VSS                                        
---------------------------------------------------------------------------------------
Cell pin lists are equivalent.
Device classes gf180mcu_fd_sc_mcu7t5v0__oai221_1 and gf180mcu_fd_sc_mcu7t5v0__oai221_1 are equivalent.

Cell gf180mcu_fd_sc_mcu7t5v0__nand2_1 (0) disconnected node: A1
Cell gf180mcu_fd_sc_mcu7t5v0__nand2_1 (0) disconnected node: A2
Cell gf180mcu_fd_sc_mcu7t5v0__nand2_1 (0) disconnected node: ZN
Cell gf180mcu_fd_sc_mcu7t5v0__nand2_1 (0) disconnected node: VDD
Cell gf180mcu_fd_sc_mcu7t5v0__nand2_1 (0) disconnected node: VNW
Cell gf180mcu_fd_sc_mcu7t5v0__nand2_1 (0) disconnected node: VPW
Cell gf180mcu_fd_sc_mcu7t5v0__nand2_1 (0) disconnected node: VSS

Subcircuit pins:
Circuit 1: gf180mcu_fd_sc_mcu7t5v0__nand2_ |Circuit 2: gf180mcu_fd_sc_mcu7t5v0__nand2_ 
-------------------------------------------|-------------------------------------------
A1                                         |A1                                         
A2                                         |A2                                         
ZN                                         |ZN                                         
VDD                                        |VDD                                        
VNW                                        |VNW                                        
VPW                                        |VPW                                        
VSS                                        |VSS                                        
---------------------------------------------------------------------------------------
Cell pin lists are equivalent.
Device classes gf180mcu_fd_sc_mcu7t5v0__nand2_1 and gf180mcu_fd_sc_mcu7t5v0__nand2_1 are equivalent.

Cell gf180mcu_fd_sc_mcu7t5v0__aoi22_1 (0) disconnected node: A1
Cell gf180mcu_fd_sc_mcu7t5v0__aoi22_1 (0) disconnected node: A2
Cell gf180mcu_fd_sc_mcu7t5v0__aoi22_1 (0) disconnected node: B1
Cell gf180mcu_fd_sc_mcu7t5v0__aoi22_1 (0) disconnected node: B2
Cell gf180mcu_fd_sc_mcu7t5v0__aoi22_1 (0) disconnected node: ZN
Cell gf180mcu_fd_sc_mcu7t5v0__aoi22_1 (0) disconnected node: VDD
Cell gf180mcu_fd_sc_mcu7t5v0__aoi22_1 (0) disconnected node: VNW
Cell gf180mcu_fd_sc_mcu7t5v0__aoi22_1 (0) disconnected node: VPW
Cell gf180mcu_fd_sc_mcu7t5v0__aoi22_1 (0) disconnected node: VSS

Subcircuit pins:
Circuit 1: gf180mcu_fd_sc_mcu7t5v0__aoi22_ |Circuit 2: gf180mcu_fd_sc_mcu7t5v0__aoi22_ 
-------------------------------------------|-------------------------------------------
A1                                         |A1                                         
A2                                         |A2                                         
B1                                         |B1                                         
B2                                         |B2                                         
ZN                                         |ZN                                         
VDD                                        |VDD                                        
VNW                                        |VNW                                        
VPW                                        |VPW                                        
VSS                                        |VSS                                        
---------------------------------------------------------------------------------------
Cell pin lists are equivalent.
Device classes gf180mcu_fd_sc_mcu7t5v0__aoi22_1 and gf180mcu_fd_sc_mcu7t5v0__aoi22_1 are equivalent.

Cell gf180mcu_fd_sc_mcu7t5v0__nor2_1 (0) disconnected node: A1
Cell gf180mcu_fd_sc_mcu7t5v0__nor2_1 (0) disconnected node: A2
Cell gf180mcu_fd_sc_mcu7t5v0__nor2_1 (0) disconnected node: ZN
Cell gf180mcu_fd_sc_mcu7t5v0__nor2_1 (0) disconnected node: VDD
Cell gf180mcu_fd_sc_mcu7t5v0__nor2_1 (0) disconnected node: VNW
Cell gf180mcu_fd_sc_mcu7t5v0__nor2_1 (0) disconnected node: VPW
Cell gf180mcu_fd_sc_mcu7t5v0__nor2_1 (0) disconnected node: VSS

Subcircuit pins:
Circuit 1: gf180mcu_fd_sc_mcu7t5v0__nor2_1 |Circuit 2: gf180mcu_fd_sc_mcu7t5v0__nor2_1 
-------------------------------------------|-------------------------------------------
A1                                         |A1                                         
A2                                         |A2                                         
ZN                                         |ZN                                         
VDD                                        |VDD                                        
VNW                                        |VNW                                        
VPW                                        |VPW                                        
VSS                                        |VSS                                        
---------------------------------------------------------------------------------------
Cell pin lists are equivalent.
Device classes gf180mcu_fd_sc_mcu7t5v0__nor2_1 and gf180mcu_fd_sc_mcu7t5v0__nor2_1 are equivalent.

Cell gf180mcu_fd_sc_mcu7t5v0__mux2_2 (0) disconnected node: I0
Cell gf180mcu_fd_sc_mcu7t5v0__mux2_2 (0) disconnected node: I1
Cell gf180mcu_fd_sc_mcu7t5v0__mux2_2 (0) disconnected node: S
Cell gf180mcu_fd_sc_mcu7t5v0__mux2_2 (0) disconnected node: Z
Cell gf180mcu_fd_sc_mcu7t5v0__mux2_2 (0) disconnected node: VDD
Cell gf180mcu_fd_sc_mcu7t5v0__mux2_2 (0) disconnected node: VNW
Cell gf180mcu_fd_sc_mcu7t5v0__mux2_2 (0) disconnected node: VPW
Cell gf180mcu_fd_sc_mcu7t5v0__mux2_2 (0) disconnected node: VSS

Subcircuit pins:
Circuit 1: gf180mcu_fd_sc_mcu7t5v0__mux2_2 |Circuit 2: gf180mcu_fd_sc_mcu7t5v0__mux2_2 
-------------------------------------------|-------------------------------------------
I0                                         |I0                                         
I1                                         |I1                                         
S                                          |S                                          
Z                                          |Z                                          
VDD                                        |VDD                                        
VNW                                        |VNW                                        
VPW                                        |VPW                                        
VSS                                        |VSS                                        
---------------------------------------------------------------------------------------
Cell pin lists are equivalent.
Device classes gf180mcu_fd_sc_mcu7t5v0__mux2_2 and gf180mcu_fd_sc_mcu7t5v0__mux2_2 are equivalent.

Cell gf180mcu_fd_sc_mcu7t5v0__and2_1 (0) disconnected node: A1
Cell gf180mcu_fd_sc_mcu7t5v0__and2_1 (0) disconnected node: A2
Cell gf180mcu_fd_sc_mcu7t5v0__and2_1 (0) disconnected node: Z
Cell gf180mcu_fd_sc_mcu7t5v0__and2_1 (0) disconnected node: VDD
Cell gf180mcu_fd_sc_mcu7t5v0__and2_1 (0) disconnected node: VNW
Cell gf180mcu_fd_sc_mcu7t5v0__and2_1 (0) disconnected node: VPW
Cell gf180mcu_fd_sc_mcu7t5v0__and2_1 (0) disconnected node: VSS

Subcircuit pins:
Circuit 1: gf180mcu_fd_sc_mcu7t5v0__and2_1 |Circuit 2: gf180mcu_fd_sc_mcu7t5v0__and2_1 
-------------------------------------------|-------------------------------------------
A1                                         |A1                                         
A2                                         |A2                                         
Z                                          |Z                                          
VDD                                        |VDD                                        
VNW                                        |VNW                                        
VPW                                        |VPW                                        
VSS                                        |VSS                                        
---------------------------------------------------------------------------------------
Cell pin lists are equivalent.
Device classes gf180mcu_fd_sc_mcu7t5v0__and2_1 and gf180mcu_fd_sc_mcu7t5v0__and2_1 are equivalent.

Cell gf180mcu_fd_sc_mcu7t5v0__mux4_1 (0) disconnected node: I0
Cell gf180mcu_fd_sc_mcu7t5v0__mux4_1 (0) disconnected node: I1
Cell gf180mcu_fd_sc_mcu7t5v0__mux4_1 (0) disconnected node: I2
Cell gf180mcu_fd_sc_mcu7t5v0__mux4_1 (0) disconnected node: I3
Cell gf180mcu_fd_sc_mcu7t5v0__mux4_1 (0) disconnected node: S0
Cell gf180mcu_fd_sc_mcu7t5v0__mux4_1 (0) disconnected node: S1
Cell gf180mcu_fd_sc_mcu7t5v0__mux4_1 (0) disconnected node: Z
Cell gf180mcu_fd_sc_mcu7t5v0__mux4_1 (0) disconnected node: VDD
Cell gf180mcu_fd_sc_mcu7t5v0__mux4_1 (0) disconnected node: VNW
Cell gf180mcu_fd_sc_mcu7t5v0__mux4_1 (0) disconnected node: VPW
Cell gf180mcu_fd_sc_mcu7t5v0__mux4_1 (0) disconnected node: VSS

Subcircuit pins:
Circuit 1: gf180mcu_fd_sc_mcu7t5v0__mux4_1 |Circuit 2: gf180mcu_fd_sc_mcu7t5v0__mux4_1 
-------------------------------------------|-------------------------------------------
I0                                         |I0                                         
I1                                         |I1                                         
I2                                         |I2                                         
I3                                         |I3                                         
S0                                         |S0                                         
S1                                         |S1                                         
Z                                          |Z                                          
VDD                                        |VDD                                        
VNW                                        |VNW                                        
VPW                                        |VPW                                        
VSS                                        |VSS                                        
---------------------------------------------------------------------------------------
Cell pin lists are equivalent.
Device classes gf180mcu_fd_sc_mcu7t5v0__mux4_1 and gf180mcu_fd_sc_mcu7t5v0__mux4_1 are equivalent.

Cell gf180mcu_fd_sc_mcu7t5v0__dffrnq_1 (0) disconnected node: D
Cell gf180mcu_fd_sc_mcu7t5v0__dffrnq_1 (0) disconnected node: RN
Cell gf180mcu_fd_sc_mcu7t5v0__dffrnq_1 (0) disconnected node: CLK
Cell gf180mcu_fd_sc_mcu7t5v0__dffrnq_1 (0) disconnected node: Q
Cell gf180mcu_fd_sc_mcu7t5v0__dffrnq_1 (0) disconnected node: VDD
Cell gf180mcu_fd_sc_mcu7t5v0__dffrnq_1 (0) disconnected node: VNW
Cell gf180mcu_fd_sc_mcu7t5v0__dffrnq_1 (0) disconnected node: VPW
Cell gf180mcu_fd_sc_mcu7t5v0__dffrnq_1 (0) disconnected node: VSS

Subcircuit pins:
Circuit 1: gf180mcu_fd_sc_mcu7t5v0__dffrnq |Circuit 2: gf180mcu_fd_sc_mcu7t5v0__dffrnq 
-------------------------------------------|-------------------------------------------
D                                          |D                                          
RN                                         |RN                                         
CLK                                        |CLK                                        
Q                                          |Q                                          
VDD                                        |VDD                                        
VNW                                        |VNW                                        
VPW                                        |VPW                                        
VSS                                        |VSS                                        
---------------------------------------------------------------------------------------
Cell pin lists are equivalent.
Device classes gf180mcu_fd_sc_mcu7t5v0__dffrnq_1 and gf180mcu_fd_sc_mcu7t5v0__dffrnq_1 are equivalent.

Cell gf180mcu_fd_sc_mcu7t5v0__dffq_1 (0) disconnected node: D
Cell gf180mcu_fd_sc_mcu7t5v0__dffq_1 (0) disconnected node: CLK
Cell gf180mcu_fd_sc_mcu7t5v0__dffq_1 (0) disconnected node: Q
Cell gf180mcu_fd_sc_mcu7t5v0__dffq_1 (0) disconnected node: VDD
Cell gf180mcu_fd_sc_mcu7t5v0__dffq_1 (0) disconnected node: VNW
Cell gf180mcu_fd_sc_mcu7t5v0__dffq_1 (0) disconnected node: VPW
Cell gf180mcu_fd_sc_mcu7t5v0__dffq_1 (0) disconnected node: VSS

Subcircuit pins:
Circuit 1: gf180mcu_fd_sc_mcu7t5v0__dffq_1 |Circuit 2: gf180mcu_fd_sc_mcu7t5v0__dffq_1 
-------------------------------------------|-------------------------------------------
D                                          |D                                          
CLK                                        |CLK                                        
Q                                          |Q                                          
VDD                                        |VDD                                        
VNW                                        |VNW                                        
VPW                                        |VPW                                        
VSS                                        |VSS                                        
---------------------------------------------------------------------------------------
Cell pin lists are equivalent.
Device classes gf180mcu_fd_sc_mcu7t5v0__dffq_1 and gf180mcu_fd_sc_mcu7t5v0__dffq_1 are equivalent.

Cell gf180mcu_fd_sc_mcu7t5v0__aoi21_1 (0) disconnected node: A1
Cell gf180mcu_fd_sc_mcu7t5v0__aoi21_1 (0) disconnected node: A2
Cell gf180mcu_fd_sc_mcu7t5v0__aoi21_1 (0) disconnected node: B
Cell gf180mcu_fd_sc_mcu7t5v0__aoi21_1 (0) disconnected node: ZN
Cell gf180mcu_fd_sc_mcu7t5v0__aoi21_1 (0) disconnected node: VDD
Cell gf180mcu_fd_sc_mcu7t5v0__aoi21_1 (0) disconnected node: VNW
Cell gf180mcu_fd_sc_mcu7t5v0__aoi21_1 (0) disconnected node: VPW
Cell gf180mcu_fd_sc_mcu7t5v0__aoi21_1 (0) disconnected node: VSS

Subcircuit pins:
Circuit 1: gf180mcu_fd_sc_mcu7t5v0__aoi21_ |Circuit 2: gf180mcu_fd_sc_mcu7t5v0__aoi21_ 
-------------------------------------------|-------------------------------------------
A1                                         |A1                                         
A2                                         |A2                                         
B                                          |B                                          
ZN                                         |ZN                                         
VDD                                        |VDD                                        
VNW                                        |VNW                                        
VPW                                        |VPW                                        
VSS                                        |VSS                                        
---------------------------------------------------------------------------------------
Cell pin lists are equivalent.
Device classes gf180mcu_fd_sc_mcu7t5v0__aoi21_1 and gf180mcu_fd_sc_mcu7t5v0__aoi21_1 are equivalent.

Cell gf180mcu_fd_sc_mcu7t5v0__xor2_1 (0) disconnected node: A1
Cell gf180mcu_fd_sc_mcu7t5v0__xor2_1 (0) disconnected node: A2
Cell gf180mcu_fd_sc_mcu7t5v0__xor2_1 (0) disconnected node: Z
Cell gf180mcu_fd_sc_mcu7t5v0__xor2_1 (0) disconnected node: VDD
Cell gf180mcu_fd_sc_mcu7t5v0__xor2_1 (0) disconnected node: VNW
Cell gf180mcu_fd_sc_mcu7t5v0__xor2_1 (0) disconnected node: VPW
Cell gf180mcu_fd_sc_mcu7t5v0__xor2_1 (0) disconnected node: VSS

Subcircuit pins:
Circuit 1: gf180mcu_fd_sc_mcu7t5v0__xor2_1 |Circuit 2: gf180mcu_fd_sc_mcu7t5v0__xor2_1 
-------------------------------------------|-------------------------------------------
A1                                         |A1                                         
A2                                         |A2                                         
Z                                          |Z                                          
VDD                                        |VDD                                        
VNW                                        |VNW                                        
VPW                                        |VPW                                        
VSS                                        |VSS                                        
---------------------------------------------------------------------------------------
Cell pin lists are equivalent.
Device classes gf180mcu_fd_sc_mcu7t5v0__xor2_1 and gf180mcu_fd_sc_mcu7t5v0__xor2_1 are equivalent.

Cell gf180mcu_fd_sc_mcu7t5v0__fillcap_8 (0) disconnected node: VDD
Cell gf180mcu_fd_sc_mcu7t5v0__fillcap_8 (0) disconnected node: VNW
Cell gf180mcu_fd_sc_mcu7t5v0__fillcap_8 (0) disconnected node: VPW
Cell gf180mcu_fd_sc_mcu7t5v0__fillcap_8 (0) disconnected node: VSS

Subcircuit pins:
Circuit 1: gf180mcu_fd_sc_mcu7t5v0__fillca |Circuit 2: gf180mcu_fd_sc_mcu7t5v0__fillca 
-------------------------------------------|-------------------------------------------
VDD                                        |VDD                                        
VNW                                        |VNW                                        
VPW                                        |VPW                                        
VSS                                        |VSS                                        
---------------------------------------------------------------------------------------
Cell pin lists are equivalent.
Device classes gf180mcu_fd_sc_mcu7t5v0__fillcap_8 and gf180mcu_fd_sc_mcu7t5v0__fillcap_8 are equivalent.

Cell gf180mcu_fd_sc_mcu7t5v0__xor3_1 (0) disconnected node: A1
Cell gf180mcu_fd_sc_mcu7t5v0__xor3_1 (0) disconnected node: A2
Cell gf180mcu_fd_sc_mcu7t5v0__xor3_1 (0) disconnected node: A3
Cell gf180mcu_fd_sc_mcu7t5v0__xor3_1 (0) disconnected node: Z
Cell gf180mcu_fd_sc_mcu7t5v0__xor3_1 (0) disconnected node: VDD
Cell gf180mcu_fd_sc_mcu7t5v0__xor3_1 (0) disconnected node: VNW
Cell gf180mcu_fd_sc_mcu7t5v0__xor3_1 (0) disconnected node: VPW
Cell gf180mcu_fd_sc_mcu7t5v0__xor3_1 (0) disconnected node: VSS

Subcircuit pins:
Circuit 1: gf180mcu_fd_sc_mcu7t5v0__xor3_1 |Circuit 2: gf180mcu_fd_sc_mcu7t5v0__xor3_1 
-------------------------------------------|-------------------------------------------
A1                                         |A1                                         
A2                                         |A2                                         
A3                                         |A3                                         
Z                                          |Z                                          
VDD                                        |VDD                                        
VNW                                        |VNW                                        
VPW                                        |VPW                                        
VSS                                        |VSS                                        
---------------------------------------------------------------------------------------
Cell pin lists are equivalent.
Device classes gf180mcu_fd_sc_mcu7t5v0__xor3_1 and gf180mcu_fd_sc_mcu7t5v0__xor3_1 are equivalent.

Cell gf180mcu_fd_sc_mcu7t5v0__clkinv_1 (0) disconnected node: I
Cell gf180mcu_fd_sc_mcu7t5v0__clkinv_1 (0) disconnected node: ZN
Cell gf180mcu_fd_sc_mcu7t5v0__clkinv_1 (0) disconnected node: VDD
Cell gf180mcu_fd_sc_mcu7t5v0__clkinv_1 (0) disconnected node: VNW
Cell gf180mcu_fd_sc_mcu7t5v0__clkinv_1 (0) disconnected node: VPW
Cell gf180mcu_fd_sc_mcu7t5v0__clkinv_1 (0) disconnected node: VSS

Subcircuit pins:
Circuit 1: gf180mcu_fd_sc_mcu7t5v0__clkinv |Circuit 2: gf180mcu_fd_sc_mcu7t5v0__clkinv 
-------------------------------------------|-------------------------------------------
I                                          |I                                          
ZN                                         |ZN                                         
VDD                                        |VDD                                        
VNW                                        |VNW                                        
VPW                                        |VPW                                        
VSS                                        |VSS                                        
---------------------------------------------------------------------------------------
Cell pin lists are equivalent.
Device classes gf180mcu_fd_sc_mcu7t5v0__clkinv_1 and gf180mcu_fd_sc_mcu7t5v0__clkinv_1 are equivalent.

Cell gf180mcu_fd_sc_mcu7t5v0__xnor2_1 (0) disconnected node: A1
Cell gf180mcu_fd_sc_mcu7t5v0__xnor2_1 (0) disconnected node: A2
Cell gf180mcu_fd_sc_mcu7t5v0__xnor2_1 (0) disconnected node: ZN
Cell gf180mcu_fd_sc_mcu7t5v0__xnor2_1 (0) disconnected node: VDD
Cell gf180mcu_fd_sc_mcu7t5v0__xnor2_1 (0) disconnected node: VNW
Cell gf180mcu_fd_sc_mcu7t5v0__xnor2_1 (0) disconnected node: VPW
Cell gf180mcu_fd_sc_mcu7t5v0__xnor2_1 (0) disconnected node: VSS

Subcircuit pins:
Circuit 1: gf180mcu_fd_sc_mcu7t5v0__xnor2_ |Circuit 2: gf180mcu_fd_sc_mcu7t5v0__xnor2_ 
-------------------------------------------|-------------------------------------------
A1                                         |A1                                         
A2                                         |A2                                         
ZN                                         |ZN                                         
VDD                                        |VDD                                        
VNW                                        |VNW                                        
VPW                                        |VPW                                        
VSS                                        |VSS                                        
---------------------------------------------------------------------------------------
Cell pin lists are equivalent.
Device classes gf180mcu_fd_sc_mcu7t5v0__xnor2_1 and gf180mcu_fd_sc_mcu7t5v0__xnor2_1 are equivalent.

Cell gf180mcu_fd_sc_mcu7t5v0__nand3_1 (0) disconnected node: A1
Cell gf180mcu_fd_sc_mcu7t5v0__nand3_1 (0) disconnected node: A2
Cell gf180mcu_fd_sc_mcu7t5v0__nand3_1 (0) disconnected node: A3
Cell gf180mcu_fd_sc_mcu7t5v0__nand3_1 (0) disconnected node: ZN
Cell gf180mcu_fd_sc_mcu7t5v0__nand3_1 (0) disconnected node: VDD
Cell gf180mcu_fd_sc_mcu7t5v0__nand3_1 (0) disconnected node: VNW
Cell gf180mcu_fd_sc_mcu7t5v0__nand3_1 (0) disconnected node: VPW
Cell gf180mcu_fd_sc_mcu7t5v0__nand3_1 (0) disconnected node: VSS

Subcircuit pins:
Circuit 1: gf180mcu_fd_sc_mcu7t5v0__nand3_ |Circuit 2: gf180mcu_fd_sc_mcu7t5v0__nand3_ 
-------------------------------------------|-------------------------------------------
A1                                         |A1                                         
A2                                         |A2                                         
A3                                         |A3                                         
ZN                                         |ZN                                         
VDD                                        |VDD                                        
VNW                                        |VNW                                        
VPW                                        |VPW                                        
VSS                                        |VSS                                        
---------------------------------------------------------------------------------------
Cell pin lists are equivalent.
Device classes gf180mcu_fd_sc_mcu7t5v0__nand3_1 and gf180mcu_fd_sc_mcu7t5v0__nand3_1 are equivalent.

Cell gf180mcu_fd_sc_mcu7t5v0__fillcap_16 (0) disconnected node: VDD
Cell gf180mcu_fd_sc_mcu7t5v0__fillcap_16 (0) disconnected node: VNW
Cell gf180mcu_fd_sc_mcu7t5v0__fillcap_16 (0) disconnected node: VPW
Cell gf180mcu_fd_sc_mcu7t5v0__fillcap_16 (0) disconnected node: VSS

Subcircuit pins:
Circuit 1: gf180mcu_fd_sc_mcu7t5v0__fillca |Circuit 2: gf180mcu_fd_sc_mcu7t5v0__fillca 
-------------------------------------------|-------------------------------------------
VDD                                        |VDD                                        
VNW                                        |VNW                                        
VPW                                        |VPW                                        
VSS                                        |VSS                                        
---------------------------------------------------------------------------------------
Cell pin lists are equivalent.
Device classes gf180mcu_fd_sc_mcu7t5v0__fillcap_16 and gf180mcu_fd_sc_mcu7t5v0__fillcap_16 are equivalent.

Cell gf180mcu_fd_sc_mcu7t5v0__aoi221_1 (0) disconnected node: A1
Cell gf180mcu_fd_sc_mcu7t5v0__aoi221_1 (0) disconnected node: A2
Cell gf180mcu_fd_sc_mcu7t5v0__aoi221_1 (0) disconnected node: B1
Cell gf180mcu_fd_sc_mcu7t5v0__aoi221_1 (0) disconnected node: B2
Cell gf180mcu_fd_sc_mcu7t5v0__aoi221_1 (0) disconnected node: C
Cell gf180mcu_fd_sc_mcu7t5v0__aoi221_1 (0) disconnected node: ZN
Cell gf180mcu_fd_sc_mcu7t5v0__aoi221_1 (0) disconnected node: VDD
Cell gf180mcu_fd_sc_mcu7t5v0__aoi221_1 (0) disconnected node: VNW
Cell gf180mcu_fd_sc_mcu7t5v0__aoi221_1 (0) disconnected node: VPW
Cell gf180mcu_fd_sc_mcu7t5v0__aoi221_1 (0) disconnected node: VSS

Subcircuit pins:
Circuit 1: gf180mcu_fd_sc_mcu7t5v0__aoi221 |Circuit 2: gf180mcu_fd_sc_mcu7t5v0__aoi221 
-------------------------------------------|-------------------------------------------
A1                                         |A1                                         
A2                                         |A2                                         
B1                                         |B1                                         
B2                                         |B2                                         
C                                          |C                                          
ZN                                         |ZN                                         
VDD                                        |VDD                                        
VNW                                        |VNW                                        
VPW                                        |VPW                                        
VSS                                        |VSS                                        
---------------------------------------------------------------------------------------
Cell pin lists are equivalent.
Device classes gf180mcu_fd_sc_mcu7t5v0__aoi221_1 and gf180mcu_fd_sc_mcu7t5v0__aoi221_1 are equivalent.

Cell gf180mcu_fd_sc_mcu7t5v0__fillcap_64 (0) disconnected node: VDD
Cell gf180mcu_fd_sc_mcu7t5v0__fillcap_64 (0) disconnected node: VNW
Cell gf180mcu_fd_sc_mcu7t5v0__fillcap_64 (0) disconnected node: VPW
Cell gf180mcu_fd_sc_mcu7t5v0__fillcap_64 (0) disconnected node: VSS

Subcircuit pins:
Circuit 1: gf180mcu_fd_sc_mcu7t5v0__fillca |Circuit 2: gf180mcu_fd_sc_mcu7t5v0__fillca 
-------------------------------------------|-------------------------------------------
VDD                                        |VDD                                        
VNW                                        |VNW                                        
VPW                                        |VPW                                        
VSS                                        |VSS                                        
---------------------------------------------------------------------------------------
Cell pin lists are equivalent.
Device classes gf180mcu_fd_sc_mcu7t5v0__fillcap_64 and gf180mcu_fd_sc_mcu7t5v0__fillcap_64 are equivalent.

Cell gf180mcu_fd_sc_mcu7t5v0__or2_1 (0) disconnected node: A1
Cell gf180mcu_fd_sc_mcu7t5v0__or2_1 (0) disconnected node: A2
Cell gf180mcu_fd_sc_mcu7t5v0__or2_1 (0) disconnected node: Z
Cell gf180mcu_fd_sc_mcu7t5v0__or2_1 (0) disconnected node: VDD
Cell gf180mcu_fd_sc_mcu7t5v0__or2_1 (0) disconnected node: VNW
Cell gf180mcu_fd_sc_mcu7t5v0__or2_1 (0) disconnected node: VPW
Cell gf180mcu_fd_sc_mcu7t5v0__or2_1 (0) disconnected node: VSS

Subcircuit pins:
Circuit 1: gf180mcu_fd_sc_mcu7t5v0__or2_1  |Circuit 2: gf180mcu_fd_sc_mcu7t5v0__or2_1  
-------------------------------------------|-------------------------------------------
A1                                         |A1                                         
A2                                         |A2                                         
Z                                          |Z                                          
VDD                                        |VDD                                        
VNW                                        |VNW                                        
VPW                                        |VPW                                        
VSS                                        |VSS                                        
---------------------------------------------------------------------------------------
Cell pin lists are equivalent.
Device classes gf180mcu_fd_sc_mcu7t5v0__or2_1 and gf180mcu_fd_sc_mcu7t5v0__or2_1 are equivalent.

Cell gf180mcu_fd_sc_mcu7t5v0__oai22_1 (0) disconnected node: A1
Cell gf180mcu_fd_sc_mcu7t5v0__oai22_1 (0) disconnected node: A2
Cell gf180mcu_fd_sc_mcu7t5v0__oai22_1 (0) disconnected node: B1
Cell gf180mcu_fd_sc_mcu7t5v0__oai22_1 (0) disconnected node: B2
Cell gf180mcu_fd_sc_mcu7t5v0__oai22_1 (0) disconnected node: ZN
Cell gf180mcu_fd_sc_mcu7t5v0__oai22_1 (0) disconnected node: VDD
Cell gf180mcu_fd_sc_mcu7t5v0__oai22_1 (0) disconnected node: VNW
Cell gf180mcu_fd_sc_mcu7t5v0__oai22_1 (0) disconnected node: VPW
Cell gf180mcu_fd_sc_mcu7t5v0__oai22_1 (0) disconnected node: VSS

Subcircuit pins:
Circuit 1: gf180mcu_fd_sc_mcu7t5v0__oai22_ |Circuit 2: gf180mcu_fd_sc_mcu7t5v0__oai22_ 
-------------------------------------------|-------------------------------------------
A1                                         |A1                                         
A2                                         |A2                                         
B1                                         |B1                                         
B2                                         |B2                                         
ZN                                         |ZN                                         
VDD                                        |VDD                                        
VNW                                        |VNW                                        
VPW                                        |VPW                                        
VSS                                        |VSS                                        
---------------------------------------------------------------------------------------
Cell pin lists are equivalent.
Device classes gf180mcu_fd_sc_mcu7t5v0__oai22_1 and gf180mcu_fd_sc_mcu7t5v0__oai22_1 are equivalent.

Cell gf180mcu_fd_sc_mcu7t5v0__clkbuf_8 (0) disconnected node: I
Cell gf180mcu_fd_sc_mcu7t5v0__clkbuf_8 (0) disconnected node: Z
Cell gf180mcu_fd_sc_mcu7t5v0__clkbuf_8 (0) disconnected node: VDD
Cell gf180mcu_fd_sc_mcu7t5v0__clkbuf_8 (0) disconnected node: VNW
Cell gf180mcu_fd_sc_mcu7t5v0__clkbuf_8 (0) disconnected node: VPW
Cell gf180mcu_fd_sc_mcu7t5v0__clkbuf_8 (0) disconnected node: VSS

Subcircuit pins:
Circuit 1: gf180mcu_fd_sc_mcu7t5v0__clkbuf |Circuit 2: gf180mcu_fd_sc_mcu7t5v0__clkbuf 
-------------------------------------------|-------------------------------------------
I                                          |I                                          
Z                                          |Z                                          
VDD                                        |VDD                                        
VNW                                        |VNW                                        
VPW                                        |VPW                                        
VSS                                        |VSS                                        
---------------------------------------------------------------------------------------
Cell pin lists are equivalent.
Device classes gf180mcu_fd_sc_mcu7t5v0__clkbuf_8 and gf180mcu_fd_sc_mcu7t5v0__clkbuf_8 are equivalent.

Cell gf180mcu_fd_sc_mcu7t5v0__clkbuf_16 (0) disconnected node: I
Cell gf180mcu_fd_sc_mcu7t5v0__clkbuf_16 (0) disconnected node: Z
Cell gf180mcu_fd_sc_mcu7t5v0__clkbuf_16 (0) disconnected node: VDD
Cell gf180mcu_fd_sc_mcu7t5v0__clkbuf_16 (0) disconnected node: VNW
Cell gf180mcu_fd_sc_mcu7t5v0__clkbuf_16 (0) disconnected node: VPW
Cell gf180mcu_fd_sc_mcu7t5v0__clkbuf_16 (0) disconnected node: VSS

Subcircuit pins:
Circuit 1: gf180mcu_fd_sc_mcu7t5v0__clkbuf |Circuit 2: gf180mcu_fd_sc_mcu7t5v0__clkbuf 
-------------------------------------------|-------------------------------------------
I                                          |I                                          
Z                                          |Z                                          
VDD                                        |VDD                                        
VNW                                        |VNW                                        
VPW                                        |VPW                                        
VSS                                        |VSS                                        
---------------------------------------------------------------------------------------
Cell pin lists are equivalent.
Device classes gf180mcu_fd_sc_mcu7t5v0__clkbuf_16 and gf180mcu_fd_sc_mcu7t5v0__clkbuf_16 are equivalent.

Cell gf180mcu_fd_sc_mcu7t5v0__nor3_1 (0) disconnected node: A1
Cell gf180mcu_fd_sc_mcu7t5v0__nor3_1 (0) disconnected node: A2
Cell gf180mcu_fd_sc_mcu7t5v0__nor3_1 (0) disconnected node: A3
Cell gf180mcu_fd_sc_mcu7t5v0__nor3_1 (0) disconnected node: ZN
Cell gf180mcu_fd_sc_mcu7t5v0__nor3_1 (0) disconnected node: VDD
Cell gf180mcu_fd_sc_mcu7t5v0__nor3_1 (0) disconnected node: VNW
Cell gf180mcu_fd_sc_mcu7t5v0__nor3_1 (0) disconnected node: VPW
Cell gf180mcu_fd_sc_mcu7t5v0__nor3_1 (0) disconnected node: VSS

Subcircuit pins:
Circuit 1: gf180mcu_fd_sc_mcu7t5v0__nor3_1 |Circuit 2: gf180mcu_fd_sc_mcu7t5v0__nor3_1 
-------------------------------------------|-------------------------------------------
A1                                         |A1                                         
A2                                         |A2                                         
A3                                         |A3                                         
ZN                                         |ZN                                         
VDD                                        |VDD                                        
VNW                                        |VNW                                        
VPW                                        |VPW                                        
VSS                                        |VSS                                        
---------------------------------------------------------------------------------------
Cell pin lists are equivalent.
Device classes gf180mcu_fd_sc_mcu7t5v0__nor3_1 and gf180mcu_fd_sc_mcu7t5v0__nor3_1 are equivalent.

Cell gf180mcu_fd_sc_mcu7t5v0__buf_4 (0) disconnected node: I
Cell gf180mcu_fd_sc_mcu7t5v0__buf_4 (0) disconnected node: Z
Cell gf180mcu_fd_sc_mcu7t5v0__buf_4 (0) disconnected node: VDD
Cell gf180mcu_fd_sc_mcu7t5v0__buf_4 (0) disconnected node: VNW
Cell gf180mcu_fd_sc_mcu7t5v0__buf_4 (0) disconnected node: VPW
Cell gf180mcu_fd_sc_mcu7t5v0__buf_4 (0) disconnected node: VSS

Subcircuit pins:
Circuit 1: gf180mcu_fd_sc_mcu7t5v0__buf_4  |Circuit 2: gf180mcu_fd_sc_mcu7t5v0__buf_4  
-------------------------------------------|-------------------------------------------
I                                          |I                                          
Z                                          |Z                                          
VDD                                        |VDD                                        
VNW                                        |VNW                                        
VPW                                        |VPW                                        
VSS                                        |VSS                                        
---------------------------------------------------------------------------------------
Cell pin lists are equivalent.
Device classes gf180mcu_fd_sc_mcu7t5v0__buf_4 and gf180mcu_fd_sc_mcu7t5v0__buf_4 are equivalent.

Cell gf180mcu_fd_sc_mcu7t5v0__oai211_1 (0) disconnected node: A1
Cell gf180mcu_fd_sc_mcu7t5v0__oai211_1 (0) disconnected node: A2
Cell gf180mcu_fd_sc_mcu7t5v0__oai211_1 (0) disconnected node: B
Cell gf180mcu_fd_sc_mcu7t5v0__oai211_1 (0) disconnected node: C
Cell gf180mcu_fd_sc_mcu7t5v0__oai211_1 (0) disconnected node: ZN
Cell gf180mcu_fd_sc_mcu7t5v0__oai211_1 (0) disconnected node: VDD
Cell gf180mcu_fd_sc_mcu7t5v0__oai211_1 (0) disconnected node: VNW
Cell gf180mcu_fd_sc_mcu7t5v0__oai211_1 (0) disconnected node: VPW
Cell gf180mcu_fd_sc_mcu7t5v0__oai211_1 (0) disconnected node: VSS

Subcircuit pins:
Circuit 1: gf180mcu_fd_sc_mcu7t5v0__oai211 |Circuit 2: gf180mcu_fd_sc_mcu7t5v0__oai211 
-------------------------------------------|-------------------------------------------
A1                                         |A1                                         
A2                                         |A2                                         
B                                          |B                                          
C                                          |C                                          
ZN                                         |ZN                                         
VDD                                        |VDD                                        
VNW                                        |VNW                                        
VPW                                        |VPW                                        
VSS                                        |VSS                                        
---------------------------------------------------------------------------------------
Cell pin lists are equivalent.
Device classes gf180mcu_fd_sc_mcu7t5v0__oai211_1 and gf180mcu_fd_sc_mcu7t5v0__oai211_1 are equivalent.

Cell gf180mcu_fd_sc_mcu7t5v0__and3_1 (0) disconnected node: A1
Cell gf180mcu_fd_sc_mcu7t5v0__and3_1 (0) disconnected node: A2
Cell gf180mcu_fd_sc_mcu7t5v0__and3_1 (0) disconnected node: A3
Cell gf180mcu_fd_sc_mcu7t5v0__and3_1 (0) disconnected node: Z
Cell gf180mcu_fd_sc_mcu7t5v0__and3_1 (0) disconnected node: VDD
Cell gf180mcu_fd_sc_mcu7t5v0__and3_1 (0) disconnected node: VNW
Cell gf180mcu_fd_sc_mcu7t5v0__and3_1 (0) disconnected node: VPW
Cell gf180mcu_fd_sc_mcu7t5v0__and3_1 (0) disconnected node: VSS

Subcircuit pins:
Circuit 1: gf180mcu_fd_sc_mcu7t5v0__and3_1 |Circuit 2: gf180mcu_fd_sc_mcu7t5v0__and3_1 
-------------------------------------------|-------------------------------------------
A1                                         |A1                                         
A2                                         |A2                                         
A3                                         |A3                                         
Z                                          |Z                                          
VDD                                        |VDD                                        
VNW                                        |VNW                                        
VPW                                        |VPW                                        
VSS                                        |VSS                                        
---------------------------------------------------------------------------------------
Cell pin lists are equivalent.
Device classes gf180mcu_fd_sc_mcu7t5v0__and3_1 and gf180mcu_fd_sc_mcu7t5v0__and3_1 are equivalent.

Cell gf180mcu_fd_sc_mcu7t5v0__xnor3_1 (0) disconnected node: A1
Cell gf180mcu_fd_sc_mcu7t5v0__xnor3_1 (0) disconnected node: A2
Cell gf180mcu_fd_sc_mcu7t5v0__xnor3_1 (0) disconnected node: A3
Cell gf180mcu_fd_sc_mcu7t5v0__xnor3_1 (0) disconnected node: ZN
Cell gf180mcu_fd_sc_mcu7t5v0__xnor3_1 (0) disconnected node: VDD
Cell gf180mcu_fd_sc_mcu7t5v0__xnor3_1 (0) disconnected node: VNW
Cell gf180mcu_fd_sc_mcu7t5v0__xnor3_1 (0) disconnected node: VPW
Cell gf180mcu_fd_sc_mcu7t5v0__xnor3_1 (0) disconnected node: VSS

Subcircuit pins:
Circuit 1: gf180mcu_fd_sc_mcu7t5v0__xnor3_ |Circuit 2: gf180mcu_fd_sc_mcu7t5v0__xnor3_ 
-------------------------------------------|-------------------------------------------
A1                                         |A1                                         
A2                                         |A2                                         
A3                                         |A3                                         
ZN                                         |ZN                                         
VDD                                        |VDD                                        
VNW                                        |VNW                                        
VPW                                        |VPW                                        
VSS                                        |VSS                                        
---------------------------------------------------------------------------------------
Cell pin lists are equivalent.
Device classes gf180mcu_fd_sc_mcu7t5v0__xnor3_1 and gf180mcu_fd_sc_mcu7t5v0__xnor3_1 are equivalent.

Cell gf180mcu_fd_sc_mcu7t5v0__nor4_1 (0) disconnected node: A1
Cell gf180mcu_fd_sc_mcu7t5v0__nor4_1 (0) disconnected node: A2
Cell gf180mcu_fd_sc_mcu7t5v0__nor4_1 (0) disconnected node: A3
Cell gf180mcu_fd_sc_mcu7t5v0__nor4_1 (0) disconnected node: A4
Cell gf180mcu_fd_sc_mcu7t5v0__nor4_1 (0) disconnected node: ZN
Cell gf180mcu_fd_sc_mcu7t5v0__nor4_1 (0) disconnected node: VDD
Cell gf180mcu_fd_sc_mcu7t5v0__nor4_1 (0) disconnected node: VNW
Cell gf180mcu_fd_sc_mcu7t5v0__nor4_1 (0) disconnected node: VPW
Cell gf180mcu_fd_sc_mcu7t5v0__nor4_1 (0) disconnected node: VSS

Subcircuit pins:
Circuit 1: gf180mcu_fd_sc_mcu7t5v0__nor4_1 |Circuit 2: gf180mcu_fd_sc_mcu7t5v0__nor4_1 
-------------------------------------------|-------------------------------------------
A1                                         |A1                                         
A2                                         |A2                                         
A3                                         |A3                                         
A4                                         |A4                                         
ZN                                         |ZN                                         
VDD                                        |VDD                                        
VNW                                        |VNW                                        
VPW                                        |VPW                                        
VSS                                        |VSS                                        
---------------------------------------------------------------------------------------
Cell pin lists are equivalent.
Device classes gf180mcu_fd_sc_mcu7t5v0__nor4_1 and gf180mcu_fd_sc_mcu7t5v0__nor4_1 are equivalent.

Cell gf180mcu_fd_sc_mcu7t5v0__clkbuf_2 (0) disconnected node: I
Cell gf180mcu_fd_sc_mcu7t5v0__clkbuf_2 (0) disconnected node: Z
Cell gf180mcu_fd_sc_mcu7t5v0__clkbuf_2 (0) disconnected node: VDD
Cell gf180mcu_fd_sc_mcu7t5v0__clkbuf_2 (0) disconnected node: VNW
Cell gf180mcu_fd_sc_mcu7t5v0__clkbuf_2 (0) disconnected node: VPW
Cell gf180mcu_fd_sc_mcu7t5v0__clkbuf_2 (0) disconnected node: VSS

Subcircuit pins:
Circuit 1: gf180mcu_fd_sc_mcu7t5v0__clkbuf |Circuit 2: gf180mcu_fd_sc_mcu7t5v0__clkbuf 
-------------------------------------------|-------------------------------------------
I                                          |I                                          
Z                                          |Z                                          
VDD                                        |VDD                                        
VNW                                        |VNW                                        
VPW                                        |VPW                                        
VSS                                        |VSS                                        
---------------------------------------------------------------------------------------
Cell pin lists are equivalent.
Device classes gf180mcu_fd_sc_mcu7t5v0__clkbuf_2 and gf180mcu_fd_sc_mcu7t5v0__clkbuf_2 are equivalent.

Cell gf180mcu_fd_sc_mcu7t5v0__buf_8 (0) disconnected node: I
Cell gf180mcu_fd_sc_mcu7t5v0__buf_8 (0) disconnected node: Z
Cell gf180mcu_fd_sc_mcu7t5v0__buf_8 (0) disconnected node: VDD
Cell gf180mcu_fd_sc_mcu7t5v0__buf_8 (0) disconnected node: VNW
Cell gf180mcu_fd_sc_mcu7t5v0__buf_8 (0) disconnected node: VPW
Cell gf180mcu_fd_sc_mcu7t5v0__buf_8 (0) disconnected node: VSS

Subcircuit pins:
Circuit 1: gf180mcu_fd_sc_mcu7t5v0__buf_8  |Circuit 2: gf180mcu_fd_sc_mcu7t5v0__buf_8  
-------------------------------------------|-------------------------------------------
I                                          |I                                          
Z                                          |Z                                          
VDD                                        |VDD                                        
VNW                                        |VNW                                        
VPW                                        |VPW                                        
VSS                                        |VSS                                        
---------------------------------------------------------------------------------------
Cell pin lists are equivalent.
Device classes gf180mcu_fd_sc_mcu7t5v0__buf_8 and gf180mcu_fd_sc_mcu7t5v0__buf_8 are equivalent.

Cell gf180mcu_fd_sc_mcu7t5v0__oai31_1 (0) disconnected node: A1
Cell gf180mcu_fd_sc_mcu7t5v0__oai31_1 (0) disconnected node: A2
Cell gf180mcu_fd_sc_mcu7t5v0__oai31_1 (0) disconnected node: A3
Cell gf180mcu_fd_sc_mcu7t5v0__oai31_1 (0) disconnected node: B
Cell gf180mcu_fd_sc_mcu7t5v0__oai31_1 (0) disconnected node: ZN
Cell gf180mcu_fd_sc_mcu7t5v0__oai31_1 (0) disconnected node: VDD
Cell gf180mcu_fd_sc_mcu7t5v0__oai31_1 (0) disconnected node: VNW
Cell gf180mcu_fd_sc_mcu7t5v0__oai31_1 (0) disconnected node: VPW
Cell gf180mcu_fd_sc_mcu7t5v0__oai31_1 (0) disconnected node: VSS

Subcircuit pins:
Circuit 1: gf180mcu_fd_sc_mcu7t5v0__oai31_ |Circuit 2: gf180mcu_fd_sc_mcu7t5v0__oai31_ 
-------------------------------------------|-------------------------------------------
A1                                         |A1                                         
A2                                         |A2                                         
A3                                         |A3                                         
B                                          |B                                          
ZN                                         |ZN                                         
VDD                                        |VDD                                        
VNW                                        |VNW                                        
VPW                                        |VPW                                        
VSS                                        |VSS                                        
---------------------------------------------------------------------------------------
Cell pin lists are equivalent.
Device classes gf180mcu_fd_sc_mcu7t5v0__oai31_1 and gf180mcu_fd_sc_mcu7t5v0__oai31_1 are equivalent.

Cell gf180mcu_fd_sc_mcu7t5v0__dlyc_1 (0) disconnected node: I
Cell gf180mcu_fd_sc_mcu7t5v0__dlyc_1 (0) disconnected node: Z
Cell gf180mcu_fd_sc_mcu7t5v0__dlyc_1 (0) disconnected node: VDD
Cell gf180mcu_fd_sc_mcu7t5v0__dlyc_1 (0) disconnected node: VNW
Cell gf180mcu_fd_sc_mcu7t5v0__dlyc_1 (0) disconnected node: VPW
Cell gf180mcu_fd_sc_mcu7t5v0__dlyc_1 (0) disconnected node: VSS

Subcircuit pins:
Circuit 1: gf180mcu_fd_sc_mcu7t5v0__dlyc_1 |Circuit 2: gf180mcu_fd_sc_mcu7t5v0__dlyc_1 
-------------------------------------------|-------------------------------------------
I                                          |I                                          
Z                                          |Z                                          
VDD                                        |VDD                                        
VNW                                        |VNW                                        
VPW                                        |VPW                                        
VSS                                        |VSS                                        
---------------------------------------------------------------------------------------
Cell pin lists are equivalent.
Device classes gf180mcu_fd_sc_mcu7t5v0__dlyc_1 and gf180mcu_fd_sc_mcu7t5v0__dlyc_1 are equivalent.

Cell gf180mcu_fd_sc_mcu7t5v0__buf_2 (0) disconnected node: I
Cell gf180mcu_fd_sc_mcu7t5v0__buf_2 (0) disconnected node: Z
Cell gf180mcu_fd_sc_mcu7t5v0__buf_2 (0) disconnected node: VDD
Cell gf180mcu_fd_sc_mcu7t5v0__buf_2 (0) disconnected node: VNW
Cell gf180mcu_fd_sc_mcu7t5v0__buf_2 (0) disconnected node: VPW
Cell gf180mcu_fd_sc_mcu7t5v0__buf_2 (0) disconnected node: VSS

Subcircuit pins:
Circuit 1: gf180mcu_fd_sc_mcu7t5v0__buf_2  |Circuit 2: gf180mcu_fd_sc_mcu7t5v0__buf_2  
-------------------------------------------|-------------------------------------------
I                                          |I                                          
Z                                          |Z                                          
VDD                                        |VDD                                        
VNW                                        |VNW                                        
VPW                                        |VPW                                        
VSS                                        |VSS                                        
---------------------------------------------------------------------------------------
Cell pin lists are equivalent.
Device classes gf180mcu_fd_sc_mcu7t5v0__buf_2 and gf180mcu_fd_sc_mcu7t5v0__buf_2 are equivalent.

Cell gf180mcu_fd_sc_mcu7t5v0__buf_1 (0) disconnected node: I
Cell gf180mcu_fd_sc_mcu7t5v0__buf_1 (0) disconnected node: Z
Cell gf180mcu_fd_sc_mcu7t5v0__buf_1 (0) disconnected node: VDD
Cell gf180mcu_fd_sc_mcu7t5v0__buf_1 (0) disconnected node: VNW
Cell gf180mcu_fd_sc_mcu7t5v0__buf_1 (0) disconnected node: VPW
Cell gf180mcu_fd_sc_mcu7t5v0__buf_1 (0) disconnected node: VSS

Subcircuit pins:
Circuit 1: gf180mcu_fd_sc_mcu7t5v0__buf_1  |Circuit 2: gf180mcu_fd_sc_mcu7t5v0__buf_1  
-------------------------------------------|-------------------------------------------
I                                          |I                                          
Z                                          |Z                                          
VDD                                        |VDD                                        
VNW                                        |VNW                                        
VPW                                        |VPW                                        
VSS                                        |VSS                                        
---------------------------------------------------------------------------------------
Cell pin lists are equivalent.
Device classes gf180mcu_fd_sc_mcu7t5v0__buf_1 and gf180mcu_fd_sc_mcu7t5v0__buf_1 are equivalent.

Cell gf180mcu_fd_sc_mcu7t5v0__or3_1 (0) disconnected node: A1
Cell gf180mcu_fd_sc_mcu7t5v0__or3_1 (0) disconnected node: A2
Cell gf180mcu_fd_sc_mcu7t5v0__or3_1 (0) disconnected node: A3
Cell gf180mcu_fd_sc_mcu7t5v0__or3_1 (0) disconnected node: Z
Cell gf180mcu_fd_sc_mcu7t5v0__or3_1 (0) disconnected node: VDD
Cell gf180mcu_fd_sc_mcu7t5v0__or3_1 (0) disconnected node: VNW
Cell gf180mcu_fd_sc_mcu7t5v0__or3_1 (0) disconnected node: VPW
Cell gf180mcu_fd_sc_mcu7t5v0__or3_1 (0) disconnected node: VSS

Subcircuit pins:
Circuit 1: gf180mcu_fd_sc_mcu7t5v0__or3_1  |Circuit 2: gf180mcu_fd_sc_mcu7t5v0__or3_1  
-------------------------------------------|-------------------------------------------
A1                                         |A1                                         
A2                                         |A2                                         
A3                                         |A3                                         
Z                                          |Z                                          
VDD                                        |VDD                                        
VNW                                        |VNW                                        
VPW                                        |VPW                                        
VSS                                        |VSS                                        
---------------------------------------------------------------------------------------
Cell pin lists are equivalent.
Device classes gf180mcu_fd_sc_mcu7t5v0__or3_1 and gf180mcu_fd_sc_mcu7t5v0__or3_1 are equivalent.

Cell gf180mcu_fd_sc_mcu7t5v0__and4_1 (0) disconnected node: A1
Cell gf180mcu_fd_sc_mcu7t5v0__and4_1 (0) disconnected node: A2
Cell gf180mcu_fd_sc_mcu7t5v0__and4_1 (0) disconnected node: A3
Cell gf180mcu_fd_sc_mcu7t5v0__and4_1 (0) disconnected node: A4
Cell gf180mcu_fd_sc_mcu7t5v0__and4_1 (0) disconnected node: Z
Cell gf180mcu_fd_sc_mcu7t5v0__and4_1 (0) disconnected node: VDD
Cell gf180mcu_fd_sc_mcu7t5v0__and4_1 (0) disconnected node: VNW
Cell gf180mcu_fd_sc_mcu7t5v0__and4_1 (0) disconnected node: VPW
Cell gf180mcu_fd_sc_mcu7t5v0__and4_1 (0) disconnected node: VSS

Subcircuit pins:
Circuit 1: gf180mcu_fd_sc_mcu7t5v0__and4_1 |Circuit 2: gf180mcu_fd_sc_mcu7t5v0__and4_1 
-------------------------------------------|-------------------------------------------
A1                                         |A1                                         
A2                                         |A2                                         
A3                                         |A3                                         
A4                                         |A4                                         
Z                                          |Z                                          
VDD                                        |VDD                                        
VNW                                        |VNW                                        
VPW                                        |VPW                                        
VSS                                        |VSS                                        
---------------------------------------------------------------------------------------
Cell pin lists are equivalent.
Device classes gf180mcu_fd_sc_mcu7t5v0__and4_1 and gf180mcu_fd_sc_mcu7t5v0__and4_1 are equivalent.

Cell gf180mcu_fd_sc_mcu7t5v0__dffrnq_2 (0) disconnected node: D
Cell gf180mcu_fd_sc_mcu7t5v0__dffrnq_2 (0) disconnected node: RN
Cell gf180mcu_fd_sc_mcu7t5v0__dffrnq_2 (0) disconnected node: CLK
Cell gf180mcu_fd_sc_mcu7t5v0__dffrnq_2 (0) disconnected node: Q
Cell gf180mcu_fd_sc_mcu7t5v0__dffrnq_2 (0) disconnected node: VDD
Cell gf180mcu_fd_sc_mcu7t5v0__dffrnq_2 (0) disconnected node: VNW
Cell gf180mcu_fd_sc_mcu7t5v0__dffrnq_2 (0) disconnected node: VPW
Cell gf180mcu_fd_sc_mcu7t5v0__dffrnq_2 (0) disconnected node: VSS

Subcircuit pins:
Circuit 1: gf180mcu_fd_sc_mcu7t5v0__dffrnq |Circuit 2: gf180mcu_fd_sc_mcu7t5v0__dffrnq 
-------------------------------------------|-------------------------------------------
D                                          |D                                          
RN                                         |RN                                         
CLK                                        |CLK                                        
Q                                          |Q                                          
VDD                                        |VDD                                        
VNW                                        |VNW                                        
VPW                                        |VPW                                        
VSS                                        |VSS                                        
---------------------------------------------------------------------------------------
Cell pin lists are equivalent.
Device classes gf180mcu_fd_sc_mcu7t5v0__dffrnq_2 and gf180mcu_fd_sc_mcu7t5v0__dffrnq_2 are equivalent.

Cell gf180mcu_fd_sc_mcu7t5v0__fillcap_32 (0) disconnected node: VDD
Cell gf180mcu_fd_sc_mcu7t5v0__fillcap_32 (0) disconnected node: VNW
Cell gf180mcu_fd_sc_mcu7t5v0__fillcap_32 (0) disconnected node: VPW
Cell gf180mcu_fd_sc_mcu7t5v0__fillcap_32 (0) disconnected node: VSS

Subcircuit pins:
Circuit 1: gf180mcu_fd_sc_mcu7t5v0__fillca |Circuit 2: gf180mcu_fd_sc_mcu7t5v0__fillca 
-------------------------------------------|-------------------------------------------
VDD                                        |VDD                                        
VNW                                        |VNW                                        
VPW                                        |VPW                                        
VSS                                        |VSS                                        
---------------------------------------------------------------------------------------
Cell pin lists are equivalent.
Device classes gf180mcu_fd_sc_mcu7t5v0__fillcap_32 and gf180mcu_fd_sc_mcu7t5v0__fillcap_32 are equivalent.

Cell gf180mcu_fd_sc_mcu7t5v0__nand4_1 (0) disconnected node: A1
Cell gf180mcu_fd_sc_mcu7t5v0__nand4_1 (0) disconnected node: A2
Cell gf180mcu_fd_sc_mcu7t5v0__nand4_1 (0) disconnected node: A3
Cell gf180mcu_fd_sc_mcu7t5v0__nand4_1 (0) disconnected node: A4
Cell gf180mcu_fd_sc_mcu7t5v0__nand4_1 (0) disconnected node: ZN
Cell gf180mcu_fd_sc_mcu7t5v0__nand4_1 (0) disconnected node: VDD
Cell gf180mcu_fd_sc_mcu7t5v0__nand4_1 (0) disconnected node: VNW
Cell gf180mcu_fd_sc_mcu7t5v0__nand4_1 (0) disconnected node: VPW
Cell gf180mcu_fd_sc_mcu7t5v0__nand4_1 (0) disconnected node: VSS

Subcircuit pins:
Circuit 1: gf180mcu_fd_sc_mcu7t5v0__nand4_ |Circuit 2: gf180mcu_fd_sc_mcu7t5v0__nand4_ 
-------------------------------------------|-------------------------------------------
A1                                         |A1                                         
A2                                         |A2                                         
A3                                         |A3                                         
A4                                         |A4                                         
ZN                                         |ZN                                         
VDD                                        |VDD                                        
VNW                                        |VNW                                        
VPW                                        |VPW                                        
VSS                                        |VSS                                        
---------------------------------------------------------------------------------------
Cell pin lists are equivalent.
Device classes gf180mcu_fd_sc_mcu7t5v0__nand4_1 and gf180mcu_fd_sc_mcu7t5v0__nand4_1 are equivalent.

Cell gf180mcu_fd_sc_mcu7t5v0__aoi211_1 (0) disconnected node: A1
Cell gf180mcu_fd_sc_mcu7t5v0__aoi211_1 (0) disconnected node: A2
Cell gf180mcu_fd_sc_mcu7t5v0__aoi211_1 (0) disconnected node: B
Cell gf180mcu_fd_sc_mcu7t5v0__aoi211_1 (0) disconnected node: C
Cell gf180mcu_fd_sc_mcu7t5v0__aoi211_1 (0) disconnected node: ZN
Cell gf180mcu_fd_sc_mcu7t5v0__aoi211_1 (0) disconnected node: VDD
Cell gf180mcu_fd_sc_mcu7t5v0__aoi211_1 (0) disconnected node: VNW
Cell gf180mcu_fd_sc_mcu7t5v0__aoi211_1 (0) disconnected node: VPW
Cell gf180mcu_fd_sc_mcu7t5v0__aoi211_1 (0) disconnected node: VSS

Subcircuit pins:
Circuit 1: gf180mcu_fd_sc_mcu7t5v0__aoi211 |Circuit 2: gf180mcu_fd_sc_mcu7t5v0__aoi211 
-------------------------------------------|-------------------------------------------
A1                                         |A1                                         
A2                                         |A2                                         
B                                          |B                                          
C                                          |C                                          
ZN                                         |ZN                                         
VDD                                        |VDD                                        
VNW                                        |VNW                                        
VPW                                        |VPW                                        
VSS                                        |VSS                                        
---------------------------------------------------------------------------------------
Cell pin lists are equivalent.
Device classes gf180mcu_fd_sc_mcu7t5v0__aoi211_1 and gf180mcu_fd_sc_mcu7t5v0__aoi211_1 are equivalent.

Cell gf180mcu_fd_sc_mcu7t5v0__nor2_2 (0) disconnected node: A1
Cell gf180mcu_fd_sc_mcu7t5v0__nor2_2 (0) disconnected node: A2
Cell gf180mcu_fd_sc_mcu7t5v0__nor2_2 (0) disconnected node: ZN
Cell gf180mcu_fd_sc_mcu7t5v0__nor2_2 (0) disconnected node: VDD
Cell gf180mcu_fd_sc_mcu7t5v0__nor2_2 (0) disconnected node: VNW
Cell gf180mcu_fd_sc_mcu7t5v0__nor2_2 (0) disconnected node: VPW
Cell gf180mcu_fd_sc_mcu7t5v0__nor2_2 (0) disconnected node: VSS

Subcircuit pins:
Circuit 1: gf180mcu_fd_sc_mcu7t5v0__nor2_2 |Circuit 2: gf180mcu_fd_sc_mcu7t5v0__nor2_2 
-------------------------------------------|-------------------------------------------
A1                                         |A1                                         
A2                                         |A2                                         
ZN                                         |ZN                                         
VDD                                        |VDD                                        
VNW                                        |VNW                                        
VPW                                        |VPW                                        
VSS                                        |VSS                                        
---------------------------------------------------------------------------------------
Cell pin lists are equivalent.
Device classes gf180mcu_fd_sc_mcu7t5v0__nor2_2 and gf180mcu_fd_sc_mcu7t5v0__nor2_2 are equivalent.

Cell gf180mcu_fd_sc_mcu7t5v0__aoi222_1 (0) disconnected node: A1
Cell gf180mcu_fd_sc_mcu7t5v0__aoi222_1 (0) disconnected node: A2
Cell gf180mcu_fd_sc_mcu7t5v0__aoi222_1 (0) disconnected node: B1
Cell gf180mcu_fd_sc_mcu7t5v0__aoi222_1 (0) disconnected node: B2
Cell gf180mcu_fd_sc_mcu7t5v0__aoi222_1 (0) disconnected node: C1
Cell gf180mcu_fd_sc_mcu7t5v0__aoi222_1 (0) disconnected node: C2
Cell gf180mcu_fd_sc_mcu7t5v0__aoi222_1 (0) disconnected node: ZN
Cell gf180mcu_fd_sc_mcu7t5v0__aoi222_1 (0) disconnected node: VDD
Cell gf180mcu_fd_sc_mcu7t5v0__aoi222_1 (0) disconnected node: VNW
Cell gf180mcu_fd_sc_mcu7t5v0__aoi222_1 (0) disconnected node: VPW
Cell gf180mcu_fd_sc_mcu7t5v0__aoi222_1 (0) disconnected node: VSS

Subcircuit pins:
Circuit 1: gf180mcu_fd_sc_mcu7t5v0__aoi222 |Circuit 2: gf180mcu_fd_sc_mcu7t5v0__aoi222 
-------------------------------------------|-------------------------------------------
A1                                         |A1                                         
A2                                         |A2                                         
B1                                         |B1                                         
B2                                         |B2                                         
C1                                         |C1                                         
C2                                         |C2                                         
ZN                                         |ZN                                         
VDD                                        |VDD                                        
VNW                                        |VNW                                        
VPW                                        |VPW                                        
VSS                                        |VSS                                        
---------------------------------------------------------------------------------------
Cell pin lists are equivalent.
Device classes gf180mcu_fd_sc_mcu7t5v0__aoi222_1 and gf180mcu_fd_sc_mcu7t5v0__aoi222_1 are equivalent.

Cell gf180mcu_fd_sc_mcu7t5v0__buf_16 (0) disconnected node: I
Cell gf180mcu_fd_sc_mcu7t5v0__buf_16 (0) disconnected node: Z
Cell gf180mcu_fd_sc_mcu7t5v0__buf_16 (0) disconnected node: VDD
Cell gf180mcu_fd_sc_mcu7t5v0__buf_16 (0) disconnected node: VNW
Cell gf180mcu_fd_sc_mcu7t5v0__buf_16 (0) disconnected node: VPW
Cell gf180mcu_fd_sc_mcu7t5v0__buf_16 (0) disconnected node: VSS

Subcircuit pins:
Circuit 1: gf180mcu_fd_sc_mcu7t5v0__buf_16 |Circuit 2: gf180mcu_fd_sc_mcu7t5v0__buf_16 
-------------------------------------------|-------------------------------------------
I                                          |I                                          
Z                                          |Z                                          
VDD                                        |VDD                                        
VNW                                        |VNW                                        
VPW                                        |VPW                                        
VSS                                        |VSS                                        
---------------------------------------------------------------------------------------
Cell pin lists are equivalent.
Device classes gf180mcu_fd_sc_mcu7t5v0__buf_16 and gf180mcu_fd_sc_mcu7t5v0__buf_16 are equivalent.

Cell gf180mcu_fd_sc_mcu7t5v0__oai32_1 (0) disconnected node: A1
Cell gf180mcu_fd_sc_mcu7t5v0__oai32_1 (0) disconnected node: A2
Cell gf180mcu_fd_sc_mcu7t5v0__oai32_1 (0) disconnected node: A3
Cell gf180mcu_fd_sc_mcu7t5v0__oai32_1 (0) disconnected node: B1
Cell gf180mcu_fd_sc_mcu7t5v0__oai32_1 (0) disconnected node: B2
Cell gf180mcu_fd_sc_mcu7t5v0__oai32_1 (0) disconnected node: ZN
Cell gf180mcu_fd_sc_mcu7t5v0__oai32_1 (0) disconnected node: VDD
Cell gf180mcu_fd_sc_mcu7t5v0__oai32_1 (0) disconnected node: VNW
Cell gf180mcu_fd_sc_mcu7t5v0__oai32_1 (0) disconnected node: VPW
Cell gf180mcu_fd_sc_mcu7t5v0__oai32_1 (0) disconnected node: VSS

Subcircuit pins:
Circuit 1: gf180mcu_fd_sc_mcu7t5v0__oai32_ |Circuit 2: gf180mcu_fd_sc_mcu7t5v0__oai32_ 
-------------------------------------------|-------------------------------------------
A1                                         |A1                                         
A2                                         |A2                                         
A3                                         |A3                                         
B1                                         |B1                                         
B2                                         |B2                                         
ZN                                         |ZN                                         
VDD                                        |VDD                                        
VNW                                        |VNW                                        
VPW                                        |VPW                                        
VSS                                        |VSS                                        
---------------------------------------------------------------------------------------
Cell pin lists are equivalent.
Device classes gf180mcu_fd_sc_mcu7t5v0__oai32_1 and gf180mcu_fd_sc_mcu7t5v0__oai32_1 are equivalent.

Cell gf180mcu_fd_sc_mcu7t5v0__dlyb_1 (0) disconnected node: I
Cell gf180mcu_fd_sc_mcu7t5v0__dlyb_1 (0) disconnected node: Z
Cell gf180mcu_fd_sc_mcu7t5v0__dlyb_1 (0) disconnected node: VDD
Cell gf180mcu_fd_sc_mcu7t5v0__dlyb_1 (0) disconnected node: VNW
Cell gf180mcu_fd_sc_mcu7t5v0__dlyb_1 (0) disconnected node: VPW
Cell gf180mcu_fd_sc_mcu7t5v0__dlyb_1 (0) disconnected node: VSS

Subcircuit pins:
Circuit 1: gf180mcu_fd_sc_mcu7t5v0__dlyb_1 |Circuit 2: gf180mcu_fd_sc_mcu7t5v0__dlyb_1 
-------------------------------------------|-------------------------------------------
I                                          |I                                          
Z                                          |Z                                          
VDD                                        |VDD                                        
VNW                                        |VNW                                        
VPW                                        |VPW                                        
VSS                                        |VSS                                        
---------------------------------------------------------------------------------------
Cell pin lists are equivalent.
Device classes gf180mcu_fd_sc_mcu7t5v0__dlyb_1 and gf180mcu_fd_sc_mcu7t5v0__dlyb_1 are equivalent.

Cell gf180mcu_fd_sc_mcu7t5v0__clkbuf_4 (0) disconnected node: I
Cell gf180mcu_fd_sc_mcu7t5v0__clkbuf_4 (0) disconnected node: Z
Cell gf180mcu_fd_sc_mcu7t5v0__clkbuf_4 (0) disconnected node: VDD
Cell gf180mcu_fd_sc_mcu7t5v0__clkbuf_4 (0) disconnected node: VNW
Cell gf180mcu_fd_sc_mcu7t5v0__clkbuf_4 (0) disconnected node: VPW
Cell gf180mcu_fd_sc_mcu7t5v0__clkbuf_4 (0) disconnected node: VSS

Subcircuit pins:
Circuit 1: gf180mcu_fd_sc_mcu7t5v0__clkbuf |Circuit 2: gf180mcu_fd_sc_mcu7t5v0__clkbuf 
-------------------------------------------|-------------------------------------------
I                                          |I                                          
Z                                          |Z                                          
VDD                                        |VDD                                        
VNW                                        |VNW                                        
VPW                                        |VPW                                        
VSS                                        |VSS                                        
---------------------------------------------------------------------------------------
Cell pin lists are equivalent.
Device classes gf180mcu_fd_sc_mcu7t5v0__clkbuf_4 and gf180mcu_fd_sc_mcu7t5v0__clkbuf_4 are equivalent.

Cell gf180mcu_fd_sc_mcu7t5v0__inv_2 (0) disconnected node: I
Cell gf180mcu_fd_sc_mcu7t5v0__inv_2 (0) disconnected node: ZN
Cell gf180mcu_fd_sc_mcu7t5v0__inv_2 (0) disconnected node: VDD
Cell gf180mcu_fd_sc_mcu7t5v0__inv_2 (0) disconnected node: VNW
Cell gf180mcu_fd_sc_mcu7t5v0__inv_2 (0) disconnected node: VPW
Cell gf180mcu_fd_sc_mcu7t5v0__inv_2 (0) disconnected node: VSS

Subcircuit pins:
Circuit 1: gf180mcu_fd_sc_mcu7t5v0__inv_2  |Circuit 2: gf180mcu_fd_sc_mcu7t5v0__inv_2  
-------------------------------------------|-------------------------------------------
I                                          |I                                          
ZN                                         |ZN                                         
VDD                                        |VDD                                        
VNW                                        |VNW                                        
VPW                                        |VPW                                        
VSS                                        |VSS                                        
---------------------------------------------------------------------------------------
Cell pin lists are equivalent.
Device classes gf180mcu_fd_sc_mcu7t5v0__inv_2 and gf180mcu_fd_sc_mcu7t5v0__inv_2 are equivalent.

Cell gf180mcu_fd_sc_mcu7t5v0__dffq_2 (0) disconnected node: D
Cell gf180mcu_fd_sc_mcu7t5v0__dffq_2 (0) disconnected node: CLK
Cell gf180mcu_fd_sc_mcu7t5v0__dffq_2 (0) disconnected node: Q
Cell gf180mcu_fd_sc_mcu7t5v0__dffq_2 (0) disconnected node: VDD
Cell gf180mcu_fd_sc_mcu7t5v0__dffq_2 (0) disconnected node: VNW
Cell gf180mcu_fd_sc_mcu7t5v0__dffq_2 (0) disconnected node: VPW
Cell gf180mcu_fd_sc_mcu7t5v0__dffq_2 (0) disconnected node: VSS

Subcircuit pins:
Circuit 1: gf180mcu_fd_sc_mcu7t5v0__dffq_2 |Circuit 2: gf180mcu_fd_sc_mcu7t5v0__dffq_2 
-------------------------------------------|-------------------------------------------
D                                          |D                                          
CLK                                        |CLK                                        
Q                                          |Q                                          
VDD                                        |VDD                                        
VNW                                        |VNW                                        
VPW                                        |VPW                                        
VSS                                        |VSS                                        
---------------------------------------------------------------------------------------
Cell pin lists are equivalent.
Device classes gf180mcu_fd_sc_mcu7t5v0__dffq_2 and gf180mcu_fd_sc_mcu7t5v0__dffq_2 are equivalent.

Cell gf180mcu_fd_sc_mcu7t5v0__nor4_2 (0) disconnected node: A1
Cell gf180mcu_fd_sc_mcu7t5v0__nor4_2 (0) disconnected node: A2
Cell gf180mcu_fd_sc_mcu7t5v0__nor4_2 (0) disconnected node: A3
Cell gf180mcu_fd_sc_mcu7t5v0__nor4_2 (0) disconnected node: A4
Cell gf180mcu_fd_sc_mcu7t5v0__nor4_2 (0) disconnected node: ZN
Cell gf180mcu_fd_sc_mcu7t5v0__nor4_2 (0) disconnected node: VDD
Cell gf180mcu_fd_sc_mcu7t5v0__nor4_2 (0) disconnected node: VNW
Cell gf180mcu_fd_sc_mcu7t5v0__nor4_2 (0) disconnected node: VPW
Cell gf180mcu_fd_sc_mcu7t5v0__nor4_2 (0) disconnected node: VSS

Subcircuit pins:
Circuit 1: gf180mcu_fd_sc_mcu7t5v0__nor4_2 |Circuit 2: gf180mcu_fd_sc_mcu7t5v0__nor4_2 
-------------------------------------------|-------------------------------------------
A1                                         |A1                                         
A2                                         |A2                                         
A3                                         |A3                                         
A4                                         |A4                                         
ZN                                         |ZN                                         
VDD                                        |VDD                                        
VNW                                        |VNW                                        
VPW                                        |VPW                                        
VSS                                        |VSS                                        
---------------------------------------------------------------------------------------
Cell pin lists are equivalent.
Device classes gf180mcu_fd_sc_mcu7t5v0__nor4_2 and gf180mcu_fd_sc_mcu7t5v0__nor4_2 are equivalent.

Cell gf180mcu_fd_sc_mcu7t5v0__or4_1 (0) disconnected node: A1
Cell gf180mcu_fd_sc_mcu7t5v0__or4_1 (0) disconnected node: A2
Cell gf180mcu_fd_sc_mcu7t5v0__or4_1 (0) disconnected node: A3
Cell gf180mcu_fd_sc_mcu7t5v0__or4_1 (0) disconnected node: A4
Cell gf180mcu_fd_sc_mcu7t5v0__or4_1 (0) disconnected node: Z
Cell gf180mcu_fd_sc_mcu7t5v0__or4_1 (0) disconnected node: VDD
Cell gf180mcu_fd_sc_mcu7t5v0__or4_1 (0) disconnected node: VNW
Cell gf180mcu_fd_sc_mcu7t5v0__or4_1 (0) disconnected node: VPW
Cell gf180mcu_fd_sc_mcu7t5v0__or4_1 (0) disconnected node: VSS

Subcircuit pins:
Circuit 1: gf180mcu_fd_sc_mcu7t5v0__or4_1  |Circuit 2: gf180mcu_fd_sc_mcu7t5v0__or4_1  
-------------------------------------------|-------------------------------------------
A1                                         |A1                                         
A2                                         |A2                                         
A3                                         |A3                                         
A4                                         |A4                                         
Z                                          |Z                                          
VDD                                        |VDD                                        
VNW                                        |VNW                                        
VPW                                        |VPW                                        
VSS                                        |VSS                                        
---------------------------------------------------------------------------------------
Cell pin lists are equivalent.
Device classes gf180mcu_fd_sc_mcu7t5v0__or4_1 and gf180mcu_fd_sc_mcu7t5v0__or4_1 are equivalent.

Cell gf180mcu_fd_sc_mcu7t5v0__clkinv_12 (0) disconnected node: I
Cell gf180mcu_fd_sc_mcu7t5v0__clkinv_12 (0) disconnected node: ZN
Cell gf180mcu_fd_sc_mcu7t5v0__clkinv_12 (0) disconnected node: VDD
Cell gf180mcu_fd_sc_mcu7t5v0__clkinv_12 (0) disconnected node: VNW
Cell gf180mcu_fd_sc_mcu7t5v0__clkinv_12 (0) disconnected node: VPW
Cell gf180mcu_fd_sc_mcu7t5v0__clkinv_12 (0) disconnected node: VSS

Subcircuit pins:
Circuit 1: gf180mcu_fd_sc_mcu7t5v0__clkinv |Circuit 2: gf180mcu_fd_sc_mcu7t5v0__clkinv 
-------------------------------------------|-------------------------------------------
I                                          |I                                          
ZN                                         |ZN                                         
VDD                                        |VDD                                        
VNW                                        |VNW                                        
VPW                                        |VPW                                        
VSS                                        |VSS                                        
---------------------------------------------------------------------------------------
Cell pin lists are equivalent.
Device classes gf180mcu_fd_sc_mcu7t5v0__clkinv_12 and gf180mcu_fd_sc_mcu7t5v0__clkinv_12 are equivalent.

Cell gf180mcu_fd_sc_mcu7t5v0__dffrnq_4 (0) disconnected node: D
Cell gf180mcu_fd_sc_mcu7t5v0__dffrnq_4 (0) disconnected node: RN
Cell gf180mcu_fd_sc_mcu7t5v0__dffrnq_4 (0) disconnected node: CLK
Cell gf180mcu_fd_sc_mcu7t5v0__dffrnq_4 (0) disconnected node: Q
Cell gf180mcu_fd_sc_mcu7t5v0__dffrnq_4 (0) disconnected node: VDD
Cell gf180mcu_fd_sc_mcu7t5v0__dffrnq_4 (0) disconnected node: VNW
Cell gf180mcu_fd_sc_mcu7t5v0__dffrnq_4 (0) disconnected node: VPW
Cell gf180mcu_fd_sc_mcu7t5v0__dffrnq_4 (0) disconnected node: VSS

Subcircuit pins:
Circuit 1: gf180mcu_fd_sc_mcu7t5v0__dffrnq |Circuit 2: gf180mcu_fd_sc_mcu7t5v0__dffrnq 
-------------------------------------------|-------------------------------------------
D                                          |D                                          
RN                                         |RN                                         
CLK                                        |CLK                                        
Q                                          |Q                                          
VDD                                        |VDD                                        
VNW                                        |VNW                                        
VPW                                        |VPW                                        
VSS                                        |VSS                                        
---------------------------------------------------------------------------------------
Cell pin lists are equivalent.
Device classes gf180mcu_fd_sc_mcu7t5v0__dffrnq_4 and gf180mcu_fd_sc_mcu7t5v0__dffrnq_4 are equivalent.

Cell gf180mcu_fd_sc_mcu7t5v0__icgtp_1 (0) disconnected node: CLK
Cell gf180mcu_fd_sc_mcu7t5v0__icgtp_1 (0) disconnected node: E
Cell gf180mcu_fd_sc_mcu7t5v0__icgtp_1 (0) disconnected node: TE
Cell gf180mcu_fd_sc_mcu7t5v0__icgtp_1 (0) disconnected node: Q
Cell gf180mcu_fd_sc_mcu7t5v0__icgtp_1 (0) disconnected node: VDD
Cell gf180mcu_fd_sc_mcu7t5v0__icgtp_1 (0) disconnected node: VNW
Cell gf180mcu_fd_sc_mcu7t5v0__icgtp_1 (0) disconnected node: VPW
Cell gf180mcu_fd_sc_mcu7t5v0__icgtp_1 (0) disconnected node: VSS

Subcircuit pins:
Circuit 1: gf180mcu_fd_sc_mcu7t5v0__icgtp_ |Circuit 2: gf180mcu_fd_sc_mcu7t5v0__icgtp_ 
-------------------------------------------|-------------------------------------------
CLK                                        |CLK                                        
E                                          |E                                          
TE                                         |TE                                         
Q                                          |Q                                          
VDD                                        |VDD                                        
VNW                                        |VNW                                        
VPW                                        |VPW                                        
VSS                                        |VSS                                        
---------------------------------------------------------------------------------------
Cell pin lists are equivalent.
Device classes gf180mcu_fd_sc_mcu7t5v0__icgtp_1 and gf180mcu_fd_sc_mcu7t5v0__icgtp_1 are equivalent.

Cell gf180mcu_fd_sc_mcu7t5v0__oai33_1 (0) disconnected node: A1
Cell gf180mcu_fd_sc_mcu7t5v0__oai33_1 (0) disconnected node: A2
Cell gf180mcu_fd_sc_mcu7t5v0__oai33_1 (0) disconnected node: A3
Cell gf180mcu_fd_sc_mcu7t5v0__oai33_1 (0) disconnected node: B1
Cell gf180mcu_fd_sc_mcu7t5v0__oai33_1 (0) disconnected node: B2
Cell gf180mcu_fd_sc_mcu7t5v0__oai33_1 (0) disconnected node: B3
Cell gf180mcu_fd_sc_mcu7t5v0__oai33_1 (0) disconnected node: ZN
Cell gf180mcu_fd_sc_mcu7t5v0__oai33_1 (0) disconnected node: VDD
Cell gf180mcu_fd_sc_mcu7t5v0__oai33_1 (0) disconnected node: VNW
Cell gf180mcu_fd_sc_mcu7t5v0__oai33_1 (0) disconnected node: VPW
Cell gf180mcu_fd_sc_mcu7t5v0__oai33_1 (0) disconnected node: VSS

Subcircuit pins:
Circuit 1: gf180mcu_fd_sc_mcu7t5v0__oai33_ |Circuit 2: gf180mcu_fd_sc_mcu7t5v0__oai33_ 
-------------------------------------------|-------------------------------------------
A1                                         |A1                                         
A2                                         |A2                                         
A3                                         |A3                                         
B1                                         |B1                                         
B2                                         |B2                                         
B3                                         |B3                                         
ZN                                         |ZN                                         
VDD                                        |VDD                                        
VNW                                        |VNW                                        
VPW                                        |VPW                                        
VSS                                        |VSS                                        
---------------------------------------------------------------------------------------
Cell pin lists are equivalent.
Device classes gf180mcu_fd_sc_mcu7t5v0__oai33_1 and gf180mcu_fd_sc_mcu7t5v0__oai33_1 are equivalent.

Cell gf180mcu_fd_sc_mcu7t5v0__nand2_2 (0) disconnected node: A1
Cell gf180mcu_fd_sc_mcu7t5v0__nand2_2 (0) disconnected node: A2
Cell gf180mcu_fd_sc_mcu7t5v0__nand2_2 (0) disconnected node: ZN
Cell gf180mcu_fd_sc_mcu7t5v0__nand2_2 (0) disconnected node: VDD
Cell gf180mcu_fd_sc_mcu7t5v0__nand2_2 (0) disconnected node: VNW
Cell gf180mcu_fd_sc_mcu7t5v0__nand2_2 (0) disconnected node: VPW
Cell gf180mcu_fd_sc_mcu7t5v0__nand2_2 (0) disconnected node: VSS

Subcircuit pins:
Circuit 1: gf180mcu_fd_sc_mcu7t5v0__nand2_ |Circuit 2: gf180mcu_fd_sc_mcu7t5v0__nand2_ 
-------------------------------------------|-------------------------------------------
A1                                         |A1                                         
A2                                         |A2                                         
ZN                                         |ZN                                         
VDD                                        |VDD                                        
VNW                                        |VNW                                        
VPW                                        |VPW                                        
VSS                                        |VSS                                        
---------------------------------------------------------------------------------------
Cell pin lists are equivalent.
Device classes gf180mcu_fd_sc_mcu7t5v0__nand2_2 and gf180mcu_fd_sc_mcu7t5v0__nand2_2 are equivalent.

Cell gf180mcu_fd_sc_mcu7t5v0__clkinv_2 (0) disconnected node: I
Cell gf180mcu_fd_sc_mcu7t5v0__clkinv_2 (0) disconnected node: ZN
Cell gf180mcu_fd_sc_mcu7t5v0__clkinv_2 (0) disconnected node: VDD
Cell gf180mcu_fd_sc_mcu7t5v0__clkinv_2 (0) disconnected node: VNW
Cell gf180mcu_fd_sc_mcu7t5v0__clkinv_2 (0) disconnected node: VPW
Cell gf180mcu_fd_sc_mcu7t5v0__clkinv_2 (0) disconnected node: VSS

Subcircuit pins:
Circuit 1: gf180mcu_fd_sc_mcu7t5v0__clkinv |Circuit 2: gf180mcu_fd_sc_mcu7t5v0__clkinv 
-------------------------------------------|-------------------------------------------
I                                          |I                                          
ZN                                         |ZN                                         
VDD                                        |VDD                                        
VNW                                        |VNW                                        
VPW                                        |VPW                                        
VSS                                        |VSS                                        
---------------------------------------------------------------------------------------
Cell pin lists are equivalent.
Device classes gf180mcu_fd_sc_mcu7t5v0__clkinv_2 and gf180mcu_fd_sc_mcu7t5v0__clkinv_2 are equivalent.

Cell gf180mcu_fd_sc_mcu7t5v0__inv_3 (0) disconnected node: I
Cell gf180mcu_fd_sc_mcu7t5v0__inv_3 (0) disconnected node: ZN
Cell gf180mcu_fd_sc_mcu7t5v0__inv_3 (0) disconnected node: VDD
Cell gf180mcu_fd_sc_mcu7t5v0__inv_3 (0) disconnected node: VNW
Cell gf180mcu_fd_sc_mcu7t5v0__inv_3 (0) disconnected node: VPW
Cell gf180mcu_fd_sc_mcu7t5v0__inv_3 (0) disconnected node: VSS

Subcircuit pins:
Circuit 1: gf180mcu_fd_sc_mcu7t5v0__inv_3  |Circuit 2: gf180mcu_fd_sc_mcu7t5v0__inv_3  
-------------------------------------------|-------------------------------------------
I                                          |I                                          
ZN                                         |ZN                                         
VDD                                        |VDD                                        
VNW                                        |VNW                                        
VPW                                        |VPW                                        
VSS                                        |VSS                                        
---------------------------------------------------------------------------------------
Cell pin lists are equivalent.
Device classes gf180mcu_fd_sc_mcu7t5v0__inv_3 and gf180mcu_fd_sc_mcu7t5v0__inv_3 are equivalent.

Cell gf180mcu_fd_sc_mcu7t5v0__buf_12 (0) disconnected node: I
Cell gf180mcu_fd_sc_mcu7t5v0__buf_12 (0) disconnected node: Z
Cell gf180mcu_fd_sc_mcu7t5v0__buf_12 (0) disconnected node: VDD
Cell gf180mcu_fd_sc_mcu7t5v0__buf_12 (0) disconnected node: VNW
Cell gf180mcu_fd_sc_mcu7t5v0__buf_12 (0) disconnected node: VPW
Cell gf180mcu_fd_sc_mcu7t5v0__buf_12 (0) disconnected node: VSS

Subcircuit pins:
Circuit 1: gf180mcu_fd_sc_mcu7t5v0__buf_12 |Circuit 2: gf180mcu_fd_sc_mcu7t5v0__buf_12 
-------------------------------------------|-------------------------------------------
I                                          |I                                          
Z                                          |Z                                          
VDD                                        |VDD                                        
VNW                                        |VNW                                        
VPW                                        |VPW                                        
VSS                                        |VSS                                        
---------------------------------------------------------------------------------------
Cell pin lists are equivalent.
Device classes gf180mcu_fd_sc_mcu7t5v0__buf_12 and gf180mcu_fd_sc_mcu7t5v0__buf_12 are equivalent.

Cell gf180mcu_fd_sc_mcu7t5v0__dffsnq_1 (0) disconnected node: D
Cell gf180mcu_fd_sc_mcu7t5v0__dffsnq_1 (0) disconnected node: SETN
Cell gf180mcu_fd_sc_mcu7t5v0__dffsnq_1 (0) disconnected node: CLK
Cell gf180mcu_fd_sc_mcu7t5v0__dffsnq_1 (0) disconnected node: Q
Cell gf180mcu_fd_sc_mcu7t5v0__dffsnq_1 (0) disconnected node: VDD
Cell gf180mcu_fd_sc_mcu7t5v0__dffsnq_1 (0) disconnected node: VNW
Cell gf180mcu_fd_sc_mcu7t5v0__dffsnq_1 (0) disconnected node: VPW
Cell gf180mcu_fd_sc_mcu7t5v0__dffsnq_1 (0) disconnected node: VSS

Subcircuit pins:
Circuit 1: gf180mcu_fd_sc_mcu7t5v0__dffsnq |Circuit 2: gf180mcu_fd_sc_mcu7t5v0__dffsnq 
-------------------------------------------|-------------------------------------------
D                                          |D                                          
SETN                                       |SETN                                       
CLK                                        |CLK                                        
Q                                          |Q                                          
VDD                                        |VDD                                        
VNW                                        |VNW                                        
VPW                                        |VPW                                        
VSS                                        |VSS                                        
---------------------------------------------------------------------------------------
Cell pin lists are equivalent.
Device classes gf180mcu_fd_sc_mcu7t5v0__dffsnq_1 and gf180mcu_fd_sc_mcu7t5v0__dffsnq_1 are equivalent.

Cell gf180mcu_fd_sc_mcu7t5v0__tiel (0) disconnected node: ZN
Cell gf180mcu_fd_sc_mcu7t5v0__tiel (0) disconnected node: VDD
Cell gf180mcu_fd_sc_mcu7t5v0__tiel (0) disconnected node: VNW
Cell gf180mcu_fd_sc_mcu7t5v0__tiel (0) disconnected node: VPW
Cell gf180mcu_fd_sc_mcu7t5v0__tiel (0) disconnected node: VSS

Subcircuit pins:
Circuit 1: gf180mcu_fd_sc_mcu7t5v0__tiel   |Circuit 2: gf180mcu_fd_sc_mcu7t5v0__tiel   
-------------------------------------------|-------------------------------------------
ZN                                         |ZN                                         
VDD                                        |VDD                                        
VNW                                        |VNW                                        
VPW                                        |VPW                                        
VSS                                        |VSS                                        
---------------------------------------------------------------------------------------
Cell pin lists are equivalent.
Device classes gf180mcu_fd_sc_mcu7t5v0__tiel and gf180mcu_fd_sc_mcu7t5v0__tiel are equivalent.

Cell gf180mcu_fd_sc_mcu7t5v0__clkinv_8 (0) disconnected node: I
Cell gf180mcu_fd_sc_mcu7t5v0__clkinv_8 (0) disconnected node: ZN
Cell gf180mcu_fd_sc_mcu7t5v0__clkinv_8 (0) disconnected node: VDD
Cell gf180mcu_fd_sc_mcu7t5v0__clkinv_8 (0) disconnected node: VNW
Cell gf180mcu_fd_sc_mcu7t5v0__clkinv_8 (0) disconnected node: VPW
Cell gf180mcu_fd_sc_mcu7t5v0__clkinv_8 (0) disconnected node: VSS

Subcircuit pins:
Circuit 1: gf180mcu_fd_sc_mcu7t5v0__clkinv |Circuit 2: gf180mcu_fd_sc_mcu7t5v0__clkinv 
-------------------------------------------|-------------------------------------------
I                                          |I                                          
ZN                                         |ZN                                         
VDD                                        |VDD                                        
VNW                                        |VNW                                        
VPW                                        |VPW                                        
VSS                                        |VSS                                        
---------------------------------------------------------------------------------------
Cell pin lists are equivalent.
Device classes gf180mcu_fd_sc_mcu7t5v0__clkinv_8 and gf180mcu_fd_sc_mcu7t5v0__clkinv_8 are equivalent.

Cell gf180mcu_fd_sc_mcu7t5v0__clkinv_4 (0) disconnected node: I
Cell gf180mcu_fd_sc_mcu7t5v0__clkinv_4 (0) disconnected node: ZN
Cell gf180mcu_fd_sc_mcu7t5v0__clkinv_4 (0) disconnected node: VDD
Cell gf180mcu_fd_sc_mcu7t5v0__clkinv_4 (0) disconnected node: VNW
Cell gf180mcu_fd_sc_mcu7t5v0__clkinv_4 (0) disconnected node: VPW
Cell gf180mcu_fd_sc_mcu7t5v0__clkinv_4 (0) disconnected node: VSS

Subcircuit pins:
Circuit 1: gf180mcu_fd_sc_mcu7t5v0__clkinv |Circuit 2: gf180mcu_fd_sc_mcu7t5v0__clkinv 
-------------------------------------------|-------------------------------------------
I                                          |I                                          
ZN                                         |ZN                                         
VDD                                        |VDD                                        
VNW                                        |VNW                                        
VPW                                        |VPW                                        
VSS                                        |VSS                                        
---------------------------------------------------------------------------------------
Cell pin lists are equivalent.
Device classes gf180mcu_fd_sc_mcu7t5v0__clkinv_4 and gf180mcu_fd_sc_mcu7t5v0__clkinv_4 are equivalent.

Cell gf180mcu_fd_sc_mcu7t5v0__inv_20 (0) disconnected node: I
Cell gf180mcu_fd_sc_mcu7t5v0__inv_20 (0) disconnected node: ZN
Cell gf180mcu_fd_sc_mcu7t5v0__inv_20 (0) disconnected node: VDD
Cell gf180mcu_fd_sc_mcu7t5v0__inv_20 (0) disconnected node: VNW
Cell gf180mcu_fd_sc_mcu7t5v0__inv_20 (0) disconnected node: VPW
Cell gf180mcu_fd_sc_mcu7t5v0__inv_20 (0) disconnected node: VSS

Subcircuit pins:
Circuit 1: gf180mcu_fd_sc_mcu7t5v0__inv_20 |Circuit 2: gf180mcu_fd_sc_mcu7t5v0__inv_20 
-------------------------------------------|-------------------------------------------
I                                          |I                                          
ZN                                         |ZN                                         
VDD                                        |VDD                                        
VNW                                        |VNW                                        
VPW                                        |VPW                                        
VSS                                        |VSS                                        
---------------------------------------------------------------------------------------
Cell pin lists are equivalent.
Device classes gf180mcu_fd_sc_mcu7t5v0__inv_20 and gf180mcu_fd_sc_mcu7t5v0__inv_20 are equivalent.

Cell gf180mcu_fd_sc_mcu7t5v0__clkbuf_20 (0) disconnected node: I
Cell gf180mcu_fd_sc_mcu7t5v0__clkbuf_20 (0) disconnected node: Z
Cell gf180mcu_fd_sc_mcu7t5v0__clkbuf_20 (0) disconnected node: VDD
Cell gf180mcu_fd_sc_mcu7t5v0__clkbuf_20 (0) disconnected node: VNW
Cell gf180mcu_fd_sc_mcu7t5v0__clkbuf_20 (0) disconnected node: VPW
Cell gf180mcu_fd_sc_mcu7t5v0__clkbuf_20 (0) disconnected node: VSS

Subcircuit pins:
Circuit 1: gf180mcu_fd_sc_mcu7t5v0__clkbuf |Circuit 2: gf180mcu_fd_sc_mcu7t5v0__clkbuf 
-------------------------------------------|-------------------------------------------
I                                          |I                                          
Z                                          |Z                                          
VDD                                        |VDD                                        
VNW                                        |VNW                                        
VPW                                        |VPW                                        
VSS                                        |VSS                                        
---------------------------------------------------------------------------------------
Cell pin lists are equivalent.
Device classes gf180mcu_fd_sc_mcu7t5v0__clkbuf_20 and gf180mcu_fd_sc_mcu7t5v0__clkbuf_20 are equivalent.

Cell gf180mcu_fd_sc_mcu7t5v0__inv_12 (0) disconnected node: I
Cell gf180mcu_fd_sc_mcu7t5v0__inv_12 (0) disconnected node: ZN
Cell gf180mcu_fd_sc_mcu7t5v0__inv_12 (0) disconnected node: VDD
Cell gf180mcu_fd_sc_mcu7t5v0__inv_12 (0) disconnected node: VNW
Cell gf180mcu_fd_sc_mcu7t5v0__inv_12 (0) disconnected node: VPW
Cell gf180mcu_fd_sc_mcu7t5v0__inv_12 (0) disconnected node: VSS

Subcircuit pins:
Circuit 1: gf180mcu_fd_sc_mcu7t5v0__inv_12 |Circuit 2: gf180mcu_fd_sc_mcu7t5v0__inv_12 
-------------------------------------------|-------------------------------------------
I                                          |I                                          
ZN                                         |ZN                                         
VDD                                        |VDD                                        
VNW                                        |VNW                                        
VPW                                        |VPW                                        
VSS                                        |VSS                                        
---------------------------------------------------------------------------------------
Cell pin lists are equivalent.
Device classes gf180mcu_fd_sc_mcu7t5v0__inv_12 and gf180mcu_fd_sc_mcu7t5v0__inv_12 are equivalent.

Cell gf180mcu_fd_sc_mcu7t5v0__inv_1 (0) disconnected node: I
Cell gf180mcu_fd_sc_mcu7t5v0__inv_1 (0) disconnected node: ZN
Cell gf180mcu_fd_sc_mcu7t5v0__inv_1 (0) disconnected node: VDD
Cell gf180mcu_fd_sc_mcu7t5v0__inv_1 (0) disconnected node: VNW
Cell gf180mcu_fd_sc_mcu7t5v0__inv_1 (0) disconnected node: VPW
Cell gf180mcu_fd_sc_mcu7t5v0__inv_1 (0) disconnected node: VSS

Subcircuit pins:
Circuit 1: gf180mcu_fd_sc_mcu7t5v0__inv_1  |Circuit 2: gf180mcu_fd_sc_mcu7t5v0__inv_1  
-------------------------------------------|-------------------------------------------
I                                          |I                                          
ZN                                         |ZN                                         
VDD                                        |VDD                                        
VNW                                        |VNW                                        
VPW                                        |VPW                                        
VSS                                        |VSS                                        
---------------------------------------------------------------------------------------
Cell pin lists are equivalent.
Device classes gf180mcu_fd_sc_mcu7t5v0__inv_1 and gf180mcu_fd_sc_mcu7t5v0__inv_1 are equivalent.

Cell gf180mcu_fd_sc_mcu7t5v0__inv_4 (0) disconnected node: I
Cell gf180mcu_fd_sc_mcu7t5v0__inv_4 (0) disconnected node: ZN
Cell gf180mcu_fd_sc_mcu7t5v0__inv_4 (0) disconnected node: VDD
Cell gf180mcu_fd_sc_mcu7t5v0__inv_4 (0) disconnected node: VNW
Cell gf180mcu_fd_sc_mcu7t5v0__inv_4 (0) disconnected node: VPW
Cell gf180mcu_fd_sc_mcu7t5v0__inv_4 (0) disconnected node: VSS

Subcircuit pins:
Circuit 1: gf180mcu_fd_sc_mcu7t5v0__inv_4  |Circuit 2: gf180mcu_fd_sc_mcu7t5v0__inv_4  
-------------------------------------------|-------------------------------------------
I                                          |I                                          
ZN                                         |ZN                                         
VDD                                        |VDD                                        
VNW                                        |VNW                                        
VPW                                        |VPW                                        
VSS                                        |VSS                                        
---------------------------------------------------------------------------------------
Cell pin lists are equivalent.
Device classes gf180mcu_fd_sc_mcu7t5v0__inv_4 and gf180mcu_fd_sc_mcu7t5v0__inv_4 are equivalent.

Cell gf180mcu_fd_sc_mcu7t5v0__or3_2 (0) disconnected node: A1
Cell gf180mcu_fd_sc_mcu7t5v0__or3_2 (0) disconnected node: A2
Cell gf180mcu_fd_sc_mcu7t5v0__or3_2 (0) disconnected node: A3
Cell gf180mcu_fd_sc_mcu7t5v0__or3_2 (0) disconnected node: Z
Cell gf180mcu_fd_sc_mcu7t5v0__or3_2 (0) disconnected node: VDD
Cell gf180mcu_fd_sc_mcu7t5v0__or3_2 (0) disconnected node: VNW
Cell gf180mcu_fd_sc_mcu7t5v0__or3_2 (0) disconnected node: VPW
Cell gf180mcu_fd_sc_mcu7t5v0__or3_2 (0) disconnected node: VSS

Subcircuit pins:
Circuit 1: gf180mcu_fd_sc_mcu7t5v0__or3_2  |Circuit 2: gf180mcu_fd_sc_mcu7t5v0__or3_2  
-------------------------------------------|-------------------------------------------
A1                                         |A1                                         
A2                                         |A2                                         
A3                                         |A3                                         
Z                                          |Z                                          
VDD                                        |VDD                                        
VNW                                        |VNW                                        
VPW                                        |VPW                                        
VSS                                        |VSS                                        
---------------------------------------------------------------------------------------
Cell pin lists are equivalent.
Device classes gf180mcu_fd_sc_mcu7t5v0__or3_2 and gf180mcu_fd_sc_mcu7t5v0__or3_2 are equivalent.

Cell gf180mcu_fd_sc_mcu7t5v0__tieh (0) disconnected node: Z
Cell gf180mcu_fd_sc_mcu7t5v0__tieh (0) disconnected node: VDD
Cell gf180mcu_fd_sc_mcu7t5v0__tieh (0) disconnected node: VNW
Cell gf180mcu_fd_sc_mcu7t5v0__tieh (0) disconnected node: VPW
Cell gf180mcu_fd_sc_mcu7t5v0__tieh (0) disconnected node: VSS

Subcircuit pins:
Circuit 1: gf180mcu_fd_sc_mcu7t5v0__tieh   |Circuit 2: gf180mcu_fd_sc_mcu7t5v0__tieh   
-------------------------------------------|-------------------------------------------
Z                                          |Z                                          
VDD                                        |VDD                                        
VNW                                        |VNW                                        
VPW                                        |VPW                                        
VSS                                        |VSS                                        
---------------------------------------------------------------------------------------
Cell pin lists are equivalent.
Device classes gf180mcu_fd_sc_mcu7t5v0__tieh and gf180mcu_fd_sc_mcu7t5v0__tieh are equivalent.

Cell gf180mcu_fd_sc_mcu7t5v0__nor3_2 (0) disconnected node: A1
Cell gf180mcu_fd_sc_mcu7t5v0__nor3_2 (0) disconnected node: A2
Cell gf180mcu_fd_sc_mcu7t5v0__nor3_2 (0) disconnected node: A3
Cell gf180mcu_fd_sc_mcu7t5v0__nor3_2 (0) disconnected node: ZN
Cell gf180mcu_fd_sc_mcu7t5v0__nor3_2 (0) disconnected node: VDD
Cell gf180mcu_fd_sc_mcu7t5v0__nor3_2 (0) disconnected node: VNW
Cell gf180mcu_fd_sc_mcu7t5v0__nor3_2 (0) disconnected node: VPW
Cell gf180mcu_fd_sc_mcu7t5v0__nor3_2 (0) disconnected node: VSS

Subcircuit pins:
Circuit 1: gf180mcu_fd_sc_mcu7t5v0__nor3_2 |Circuit 2: gf180mcu_fd_sc_mcu7t5v0__nor3_2 
-------------------------------------------|-------------------------------------------
A1                                         |A1                                         
A2                                         |A2                                         
A3                                         |A3                                         
ZN                                         |ZN                                         
VDD                                        |VDD                                        
VNW                                        |VNW                                        
VPW                                        |VPW                                        
VSS                                        |VSS                                        
---------------------------------------------------------------------------------------
Cell pin lists are equivalent.
Device classes gf180mcu_fd_sc_mcu7t5v0__nor3_2 and gf180mcu_fd_sc_mcu7t5v0__nor3_2 are equivalent.

Cell gf180mcu_fd_sc_mcu7t5v0__buf_20 (0) disconnected node: I
Cell gf180mcu_fd_sc_mcu7t5v0__buf_20 (0) disconnected node: Z
Cell gf180mcu_fd_sc_mcu7t5v0__buf_20 (0) disconnected node: VDD
Cell gf180mcu_fd_sc_mcu7t5v0__buf_20 (0) disconnected node: VNW
Cell gf180mcu_fd_sc_mcu7t5v0__buf_20 (0) disconnected node: VPW
Cell gf180mcu_fd_sc_mcu7t5v0__buf_20 (0) disconnected node: VSS

Subcircuit pins:
Circuit 1: gf180mcu_fd_sc_mcu7t5v0__buf_20 |Circuit 2: gf180mcu_fd_sc_mcu7t5v0__buf_20 
-------------------------------------------|-------------------------------------------
I                                          |I                                          
Z                                          |Z                                          
VDD                                        |VDD                                        
VNW                                        |VNW                                        
VPW                                        |VPW                                        
VSS                                        |VSS                                        
---------------------------------------------------------------------------------------
Cell pin lists are equivalent.
Device classes gf180mcu_fd_sc_mcu7t5v0__buf_20 and gf180mcu_fd_sc_mcu7t5v0__buf_20 are equivalent.

Cell gf180mcu_fd_sc_mcu7t5v0__dffq_4 (0) disconnected node: D
Cell gf180mcu_fd_sc_mcu7t5v0__dffq_4 (0) disconnected node: CLK
Cell gf180mcu_fd_sc_mcu7t5v0__dffq_4 (0) disconnected node: Q
Cell gf180mcu_fd_sc_mcu7t5v0__dffq_4 (0) disconnected node: VDD
Cell gf180mcu_fd_sc_mcu7t5v0__dffq_4 (0) disconnected node: VNW
Cell gf180mcu_fd_sc_mcu7t5v0__dffq_4 (0) disconnected node: VPW
Cell gf180mcu_fd_sc_mcu7t5v0__dffq_4 (0) disconnected node: VSS

Subcircuit pins:
Circuit 1: gf180mcu_fd_sc_mcu7t5v0__dffq_4 |Circuit 2: gf180mcu_fd_sc_mcu7t5v0__dffq_4 
-------------------------------------------|-------------------------------------------
D                                          |D                                          
CLK                                        |CLK                                        
Q                                          |Q                                          
VDD                                        |VDD                                        
VNW                                        |VNW                                        
VPW                                        |VPW                                        
VSS                                        |VSS                                        
---------------------------------------------------------------------------------------
Cell pin lists are equivalent.
Device classes gf180mcu_fd_sc_mcu7t5v0__dffq_4 and gf180mcu_fd_sc_mcu7t5v0__dffq_4 are equivalent.

Cell gf180mcu_fd_sc_mcu7t5v0__nor2_4 (0) disconnected node: A1
Cell gf180mcu_fd_sc_mcu7t5v0__nor2_4 (0) disconnected node: A2
Cell gf180mcu_fd_sc_mcu7t5v0__nor2_4 (0) disconnected node: ZN
Cell gf180mcu_fd_sc_mcu7t5v0__nor2_4 (0) disconnected node: VDD
Cell gf180mcu_fd_sc_mcu7t5v0__nor2_4 (0) disconnected node: VNW
Cell gf180mcu_fd_sc_mcu7t5v0__nor2_4 (0) disconnected node: VPW
Cell gf180mcu_fd_sc_mcu7t5v0__nor2_4 (0) disconnected node: VSS

Subcircuit pins:
Circuit 1: gf180mcu_fd_sc_mcu7t5v0__nor2_4 |Circuit 2: gf180mcu_fd_sc_mcu7t5v0__nor2_4 
-------------------------------------------|-------------------------------------------
A1                                         |A1                                         
A2                                         |A2                                         
ZN                                         |ZN                                         
VDD                                        |VDD                                        
VNW                                        |VNW                                        
VPW                                        |VPW                                        
VSS                                        |VSS                                        
---------------------------------------------------------------------------------------
Cell pin lists are equivalent.
Device classes gf180mcu_fd_sc_mcu7t5v0__nor2_4 and gf180mcu_fd_sc_mcu7t5v0__nor2_4 are equivalent.

Cell gf180mcu_fd_sc_mcu7t5v0__clkinv_16 (0) disconnected node: I
Cell gf180mcu_fd_sc_mcu7t5v0__clkinv_16 (0) disconnected node: ZN
Cell gf180mcu_fd_sc_mcu7t5v0__clkinv_16 (0) disconnected node: VDD
Cell gf180mcu_fd_sc_mcu7t5v0__clkinv_16 (0) disconnected node: VNW
Cell gf180mcu_fd_sc_mcu7t5v0__clkinv_16 (0) disconnected node: VPW
Cell gf180mcu_fd_sc_mcu7t5v0__clkinv_16 (0) disconnected node: VSS

Subcircuit pins:
Circuit 1: gf180mcu_fd_sc_mcu7t5v0__clkinv |Circuit 2: gf180mcu_fd_sc_mcu7t5v0__clkinv 
-------------------------------------------|-------------------------------------------
I                                          |I                                          
ZN                                         |ZN                                         
VDD                                        |VDD                                        
VNW                                        |VNW                                        
VPW                                        |VPW                                        
VSS                                        |VSS                                        
---------------------------------------------------------------------------------------
Cell pin lists are equivalent.
Device classes gf180mcu_fd_sc_mcu7t5v0__clkinv_16 and gf180mcu_fd_sc_mcu7t5v0__clkinv_16 are equivalent.

Cell gf180mcu_fd_sc_mcu7t5v0__clkinv_3 (0) disconnected node: I
Cell gf180mcu_fd_sc_mcu7t5v0__clkinv_3 (0) disconnected node: ZN
Cell gf180mcu_fd_sc_mcu7t5v0__clkinv_3 (0) disconnected node: VDD
Cell gf180mcu_fd_sc_mcu7t5v0__clkinv_3 (0) disconnected node: VNW
Cell gf180mcu_fd_sc_mcu7t5v0__clkinv_3 (0) disconnected node: VPW
Cell gf180mcu_fd_sc_mcu7t5v0__clkinv_3 (0) disconnected node: VSS

Subcircuit pins:
Circuit 1: gf180mcu_fd_sc_mcu7t5v0__clkinv |Circuit 2: gf180mcu_fd_sc_mcu7t5v0__clkinv 
-------------------------------------------|-------------------------------------------
I                                          |I                                          
ZN                                         |ZN                                         
VDD                                        |VDD                                        
VNW                                        |VNW                                        
VPW                                        |VPW                                        
VSS                                        |VSS                                        
---------------------------------------------------------------------------------------
Cell pin lists are equivalent.
Device classes gf180mcu_fd_sc_mcu7t5v0__clkinv_3 and gf180mcu_fd_sc_mcu7t5v0__clkinv_3 are equivalent.

Cell gf180mcu_fd_sc_mcu7t5v0__dffnrnq_1 (0) disconnected node: D
Cell gf180mcu_fd_sc_mcu7t5v0__dffnrnq_1 (0) disconnected node: RN
Cell gf180mcu_fd_sc_mcu7t5v0__dffnrnq_1 (0) disconnected node: CLKN
Cell gf180mcu_fd_sc_mcu7t5v0__dffnrnq_1 (0) disconnected node: Q
Cell gf180mcu_fd_sc_mcu7t5v0__dffnrnq_1 (0) disconnected node: VDD
Cell gf180mcu_fd_sc_mcu7t5v0__dffnrnq_1 (0) disconnected node: VNW
Cell gf180mcu_fd_sc_mcu7t5v0__dffnrnq_1 (0) disconnected node: VPW
Cell gf180mcu_fd_sc_mcu7t5v0__dffnrnq_1 (0) disconnected node: VSS

Subcircuit pins:
Circuit 1: gf180mcu_fd_sc_mcu7t5v0__dffnrn |Circuit 2: gf180mcu_fd_sc_mcu7t5v0__dffnrn 
-------------------------------------------|-------------------------------------------
D                                          |D                                          
RN                                         |RN                                         
CLKN                                       |CLKN                                       
Q                                          |Q                                          
VDD                                        |VDD                                        
VNW                                        |VNW                                        
VPW                                        |VPW                                        
VSS                                        |VSS                                        
---------------------------------------------------------------------------------------
Cell pin lists are equivalent.
Device classes gf180mcu_fd_sc_mcu7t5v0__dffnrnq_1 and gf180mcu_fd_sc_mcu7t5v0__dffnrnq_1 are equivalent.

Cell gf180mcu_fd_sc_mcu7t5v0__inv_8 (0) disconnected node: I
Cell gf180mcu_fd_sc_mcu7t5v0__inv_8 (0) disconnected node: ZN
Cell gf180mcu_fd_sc_mcu7t5v0__inv_8 (0) disconnected node: VDD
Cell gf180mcu_fd_sc_mcu7t5v0__inv_8 (0) disconnected node: VNW
Cell gf180mcu_fd_sc_mcu7t5v0__inv_8 (0) disconnected node: VPW
Cell gf180mcu_fd_sc_mcu7t5v0__inv_8 (0) disconnected node: VSS

Subcircuit pins:
Circuit 1: gf180mcu_fd_sc_mcu7t5v0__inv_8  |Circuit 2: gf180mcu_fd_sc_mcu7t5v0__inv_8  
-------------------------------------------|-------------------------------------------
I                                          |I                                          
ZN                                         |ZN                                         
VDD                                        |VDD                                        
VNW                                        |VNW                                        
VPW                                        |VPW                                        
VSS                                        |VSS                                        
---------------------------------------------------------------------------------------
Cell pin lists are equivalent.
Device classes gf180mcu_fd_sc_mcu7t5v0__inv_8 and gf180mcu_fd_sc_mcu7t5v0__inv_8 are equivalent.

Cell gf180mcu_fd_sc_mcu7t5v0__nand3_2 (0) disconnected node: A1
Cell gf180mcu_fd_sc_mcu7t5v0__nand3_2 (0) disconnected node: A2
Cell gf180mcu_fd_sc_mcu7t5v0__nand3_2 (0) disconnected node: A3
Cell gf180mcu_fd_sc_mcu7t5v0__nand3_2 (0) disconnected node: ZN
Cell gf180mcu_fd_sc_mcu7t5v0__nand3_2 (0) disconnected node: VDD
Cell gf180mcu_fd_sc_mcu7t5v0__nand3_2 (0) disconnected node: VNW
Cell gf180mcu_fd_sc_mcu7t5v0__nand3_2 (0) disconnected node: VPW
Cell gf180mcu_fd_sc_mcu7t5v0__nand3_2 (0) disconnected node: VSS

Subcircuit pins:
Circuit 1: gf180mcu_fd_sc_mcu7t5v0__nand3_ |Circuit 2: gf180mcu_fd_sc_mcu7t5v0__nand3_ 
-------------------------------------------|-------------------------------------------
A1                                         |A1                                         
A2                                         |A2                                         
A3                                         |A3                                         
ZN                                         |ZN                                         
VDD                                        |VDD                                        
VNW                                        |VNW                                        
VPW                                        |VPW                                        
VSS                                        |VSS                                        
---------------------------------------------------------------------------------------
Cell pin lists are equivalent.
Device classes gf180mcu_fd_sc_mcu7t5v0__nand3_2 and gf180mcu_fd_sc_mcu7t5v0__nand3_2 are equivalent.

Cell gf180mcu_fd_sc_mcu7t5v0__clkbuf_3 (0) disconnected node: I
Cell gf180mcu_fd_sc_mcu7t5v0__clkbuf_3 (0) disconnected node: Z
Cell gf180mcu_fd_sc_mcu7t5v0__clkbuf_3 (0) disconnected node: VDD
Cell gf180mcu_fd_sc_mcu7t5v0__clkbuf_3 (0) disconnected node: VNW
Cell gf180mcu_fd_sc_mcu7t5v0__clkbuf_3 (0) disconnected node: VPW
Cell gf180mcu_fd_sc_mcu7t5v0__clkbuf_3 (0) disconnected node: VSS

Subcircuit pins:
Circuit 1: gf180mcu_fd_sc_mcu7t5v0__clkbuf |Circuit 2: gf180mcu_fd_sc_mcu7t5v0__clkbuf 
-------------------------------------------|-------------------------------------------
I                                          |I                                          
Z                                          |Z                                          
VDD                                        |VDD                                        
VNW                                        |VNW                                        
VPW                                        |VPW                                        
VSS                                        |VSS                                        
---------------------------------------------------------------------------------------
Cell pin lists are equivalent.
Device classes gf180mcu_fd_sc_mcu7t5v0__clkbuf_3 and gf180mcu_fd_sc_mcu7t5v0__clkbuf_3 are equivalent.

Cell gf180mcu_fd_ip_sram__sram512x8m8wm1 (0) disconnected node: A[8]
Cell gf180mcu_fd_ip_sram__sram512x8m8wm1 (0) disconnected node: A[7]
Cell gf180mcu_fd_ip_sram__sram512x8m8wm1 (0) disconnected node: A[6]
Cell gf180mcu_fd_ip_sram__sram512x8m8wm1 (0) disconnected node: A[5]
Cell gf180mcu_fd_ip_sram__sram512x8m8wm1 (0) disconnected node: A[4]
Cell gf180mcu_fd_ip_sram__sram512x8m8wm1 (0) disconnected node: A[3]
Cell gf180mcu_fd_ip_sram__sram512x8m8wm1 (0) disconnected node: A[2]
Cell gf180mcu_fd_ip_sram__sram512x8m8wm1 (0) disconnected node: A[1]
Cell gf180mcu_fd_ip_sram__sram512x8m8wm1 (0) disconnected node: A[0]
Cell gf180mcu_fd_ip_sram__sram512x8m8wm1 (0) disconnected node: CEN
Cell gf180mcu_fd_ip_sram__sram512x8m8wm1 (0) disconnected node: CLK
Cell gf180mcu_fd_ip_sram__sram512x8m8wm1 (0) disconnected node: D[7]
Cell gf180mcu_fd_ip_sram__sram512x8m8wm1 (0) disconnected node: D[6]
Cell gf180mcu_fd_ip_sram__sram512x8m8wm1 (0) disconnected node: D[5]
Cell gf180mcu_fd_ip_sram__sram512x8m8wm1 (0) disconnected node: D[4]
Cell gf180mcu_fd_ip_sram__sram512x8m8wm1 (0) disconnected node: D[3]
Cell gf180mcu_fd_ip_sram__sram512x8m8wm1 (0) disconnected node: D[2]
Cell gf180mcu_fd_ip_sram__sram512x8m8wm1 (0) disconnected node: D[1]
Cell gf180mcu_fd_ip_sram__sram512x8m8wm1 (0) disconnected node: D[0]
Cell gf180mcu_fd_ip_sram__sram512x8m8wm1 (0) disconnected node: GWEN
Cell gf180mcu_fd_ip_sram__sram512x8m8wm1 (0) disconnected node: Q[7]
Cell gf180mcu_fd_ip_sram__sram512x8m8wm1 (0) disconnected node: Q[6]
Cell gf180mcu_fd_ip_sram__sram512x8m8wm1 (0) disconnected node: Q[5]
Cell gf180mcu_fd_ip_sram__sram512x8m8wm1 (0) disconnected node: Q[4]
Cell gf180mcu_fd_ip_sram__sram512x8m8wm1 (0) disconnected node: Q[3]
Cell gf180mcu_fd_ip_sram__sram512x8m8wm1 (0) disconnected node: Q[2]
Cell gf180mcu_fd_ip_sram__sram512x8m8wm1 (0) disconnected node: Q[1]
Cell gf180mcu_fd_ip_sram__sram512x8m8wm1 (0) disconnected node: Q[0]
Cell gf180mcu_fd_ip_sram__sram512x8m8wm1 (0) disconnected node: VDD
Cell gf180mcu_fd_ip_sram__sram512x8m8wm1 (0) disconnected node: VSS
Cell gf180mcu_fd_ip_sram__sram512x8m8wm1 (0) disconnected node: WEN[7]
Cell gf180mcu_fd_ip_sram__sram512x8m8wm1 (0) disconnected node: WEN[6]
Cell gf180mcu_fd_ip_sram__sram512x8m8wm1 (0) disconnected node: WEN[5]
Cell gf180mcu_fd_ip_sram__sram512x8m8wm1 (0) disconnected node: WEN[4]
Cell gf180mcu_fd_ip_sram__sram512x8m8wm1 (0) disconnected node: WEN[3]
Cell gf180mcu_fd_ip_sram__sram512x8m8wm1 (0) disconnected node: WEN[2]
Cell gf180mcu_fd_ip_sram__sram512x8m8wm1 (0) disconnected node: WEN[1]
Cell gf180mcu_fd_ip_sram__sram512x8m8wm1 (0) disconnected node: WEN[0]

Subcircuit pins:
Circuit 1: gf180mcu_fd_ip_sram__sram512x8m |Circuit 2: gf180mcu_fd_ip_sram__sram512x8m 
-------------------------------------------|-------------------------------------------
A[8]                                       |A[8]                                       
A[7]                                       |A[7]                                       
A[6]                                       |A[6]                                       
A[5]                                       |A[5]                                       
A[4]                                       |A[4]                                       
A[3]                                       |A[3]                                       
A[2]                                       |A[2]                                       
A[1]                                       |A[1]                                       
A[0]                                       |A[0]                                       
CEN                                        |CEN                                        
CLK                                        |CLK                                        
D[7]                                       |D[7]                                       
D[6]                                       |D[6]                                       
D[5]                                       |D[5]                                       
D[4]                                       |D[4]                                       
D[3]                                       |D[3]                                       
D[2]                                       |D[2]                                       
D[1]                                       |D[1]                                       
D[0]                                       |D[0]                                       
GWEN                                       |GWEN                                       
Q[7]                                       |Q[7]                                       
Q[6]                                       |Q[6]                                       
Q[5]                                       |Q[5]                                       
Q[4]                                       |Q[4]                                       
Q[3]                                       |Q[3]                                       
Q[2]                                       |Q[2]                                       
Q[1]                                       |Q[1]                                       
Q[0]                                       |Q[0]                                       
VDD                                        |VDD                                        
VSS                                        |VSS                                        
WEN[7]                                     |WEN[7]                                     
WEN[6]                                     |WEN[6]                                     
WEN[5]                                     |WEN[5]                                     
WEN[4]                                     |WEN[4]                                     
WEN[3]                                     |WEN[3]                                     
WEN[2]                                     |WEN[2]                                     
WEN[1]                                     |WEN[1]                                     
WEN[0]                                     |WEN[0]                                     
---------------------------------------------------------------------------------------
Cell pin lists are equivalent.
Device classes gf180mcu_fd_ip_sram__sram512x8m8wm1 and gf180mcu_fd_ip_sram__sram512x8m8wm1 are equivalent.

Cell gf180mcu_fd_sc_mcu7t5v0__oai222_1 (0) disconnected node: A1
Cell gf180mcu_fd_sc_mcu7t5v0__oai222_1 (0) disconnected node: A2
Cell gf180mcu_fd_sc_mcu7t5v0__oai222_1 (0) disconnected node: B1
Cell gf180mcu_fd_sc_mcu7t5v0__oai222_1 (0) disconnected node: B2
Cell gf180mcu_fd_sc_mcu7t5v0__oai222_1 (0) disconnected node: C1
Cell gf180mcu_fd_sc_mcu7t5v0__oai222_1 (0) disconnected node: C2
Cell gf180mcu_fd_sc_mcu7t5v0__oai222_1 (0) disconnected node: ZN
Cell gf180mcu_fd_sc_mcu7t5v0__oai222_1 (0) disconnected node: VDD
Cell gf180mcu_fd_sc_mcu7t5v0__oai222_1 (0) disconnected node: VNW
Cell gf180mcu_fd_sc_mcu7t5v0__oai222_1 (0) disconnected node: VPW
Cell gf180mcu_fd_sc_mcu7t5v0__oai222_1 (0) disconnected node: VSS

Subcircuit pins:
Circuit 1: gf180mcu_fd_sc_mcu7t5v0__oai222 |Circuit 2: gf180mcu_fd_sc_mcu7t5v0__oai222 
-------------------------------------------|-------------------------------------------
A1                                         |A1                                         
A2                                         |A2                                         
B1                                         |B1                                         
B2                                         |B2                                         
C1                                         |C1                                         
C2                                         |C2                                         
ZN                                         |ZN                                         
VDD                                        |VDD                                        
VNW                                        |VNW                                        
VPW                                        |VPW                                        
VSS                                        |VSS                                        
---------------------------------------------------------------------------------------
Cell pin lists are equivalent.
Device classes gf180mcu_fd_sc_mcu7t5v0__oai222_1 and gf180mcu_fd_sc_mcu7t5v0__oai222_1 are equivalent.

Cell gf180mcu_fd_sc_mcu7t5v0__oai31_2 (0) disconnected node: A1
Cell gf180mcu_fd_sc_mcu7t5v0__oai31_2 (0) disconnected node: A2
Cell gf180mcu_fd_sc_mcu7t5v0__oai31_2 (0) disconnected node: A3
Cell gf180mcu_fd_sc_mcu7t5v0__oai31_2 (0) disconnected node: B
Cell gf180mcu_fd_sc_mcu7t5v0__oai31_2 (0) disconnected node: ZN
Cell gf180mcu_fd_sc_mcu7t5v0__oai31_2 (0) disconnected node: VDD
Cell gf180mcu_fd_sc_mcu7t5v0__oai31_2 (0) disconnected node: VNW
Cell gf180mcu_fd_sc_mcu7t5v0__oai31_2 (0) disconnected node: VPW
Cell gf180mcu_fd_sc_mcu7t5v0__oai31_2 (0) disconnected node: VSS

Subcircuit pins:
Circuit 1: gf180mcu_fd_sc_mcu7t5v0__oai31_ |Circuit 2: gf180mcu_fd_sc_mcu7t5v0__oai31_ 
-------------------------------------------|-------------------------------------------
A1                                         |A1                                         
A2                                         |A2                                         
A3                                         |A3                                         
B                                          |B                                          
ZN                                         |ZN                                         
VDD                                        |VDD                                        
VNW                                        |VNW                                        
VPW                                        |VPW                                        
VSS                                        |VSS                                        
---------------------------------------------------------------------------------------
Cell pin lists are equivalent.
Device classes gf180mcu_fd_sc_mcu7t5v0__oai31_2 and gf180mcu_fd_sc_mcu7t5v0__oai31_2 are equivalent.

Cell gf180mcu_fd_sc_mcu7t5v0__xor2_2 (0) disconnected node: A1
Cell gf180mcu_fd_sc_mcu7t5v0__xor2_2 (0) disconnected node: A2
Cell gf180mcu_fd_sc_mcu7t5v0__xor2_2 (0) disconnected node: Z
Cell gf180mcu_fd_sc_mcu7t5v0__xor2_2 (0) disconnected node: VDD
Cell gf180mcu_fd_sc_mcu7t5v0__xor2_2 (0) disconnected node: VNW
Cell gf180mcu_fd_sc_mcu7t5v0__xor2_2 (0) disconnected node: VPW
Cell gf180mcu_fd_sc_mcu7t5v0__xor2_2 (0) disconnected node: VSS

Subcircuit pins:
Circuit 1: gf180mcu_fd_sc_mcu7t5v0__xor2_2 |Circuit 2: gf180mcu_fd_sc_mcu7t5v0__xor2_2 
-------------------------------------------|-------------------------------------------
A1                                         |A1                                         
A2                                         |A2                                         
Z                                          |Z                                          
VDD                                        |VDD                                        
VNW                                        |VNW                                        
VPW                                        |VPW                                        
VSS                                        |VSS                                        
---------------------------------------------------------------------------------------
Cell pin lists are equivalent.
Device classes gf180mcu_fd_sc_mcu7t5v0__xor2_2 and gf180mcu_fd_sc_mcu7t5v0__xor2_2 are equivalent.

Cell gf180mcu_fd_sc_mcu7t5v0__or2_2 (0) disconnected node: A1
Cell gf180mcu_fd_sc_mcu7t5v0__or2_2 (0) disconnected node: A2
Cell gf180mcu_fd_sc_mcu7t5v0__or2_2 (0) disconnected node: Z
Cell gf180mcu_fd_sc_mcu7t5v0__or2_2 (0) disconnected node: VDD
Cell gf180mcu_fd_sc_mcu7t5v0__or2_2 (0) disconnected node: VNW
Cell gf180mcu_fd_sc_mcu7t5v0__or2_2 (0) disconnected node: VPW
Cell gf180mcu_fd_sc_mcu7t5v0__or2_2 (0) disconnected node: VSS

Subcircuit pins:
Circuit 1: gf180mcu_fd_sc_mcu7t5v0__or2_2  |Circuit 2: gf180mcu_fd_sc_mcu7t5v0__or2_2  
-------------------------------------------|-------------------------------------------
A1                                         |A1                                         
A2                                         |A2                                         
Z                                          |Z                                          
VDD                                        |VDD                                        
VNW                                        |VNW                                        
VPW                                        |VPW                                        
VSS                                        |VSS                                        
---------------------------------------------------------------------------------------
Cell pin lists are equivalent.
Device classes gf180mcu_fd_sc_mcu7t5v0__or2_2 and gf180mcu_fd_sc_mcu7t5v0__or2_2 are equivalent.

Cell gf180mcu_fd_sc_mcu7t5v0__oai31_4 (0) disconnected node: A1
Cell gf180mcu_fd_sc_mcu7t5v0__oai31_4 (0) disconnected node: A2
Cell gf180mcu_fd_sc_mcu7t5v0__oai31_4 (0) disconnected node: A3
Cell gf180mcu_fd_sc_mcu7t5v0__oai31_4 (0) disconnected node: B
Cell gf180mcu_fd_sc_mcu7t5v0__oai31_4 (0) disconnected node: ZN
Cell gf180mcu_fd_sc_mcu7t5v0__oai31_4 (0) disconnected node: VDD
Cell gf180mcu_fd_sc_mcu7t5v0__oai31_4 (0) disconnected node: VNW
Cell gf180mcu_fd_sc_mcu7t5v0__oai31_4 (0) disconnected node: VPW
Cell gf180mcu_fd_sc_mcu7t5v0__oai31_4 (0) disconnected node: VSS

Subcircuit pins:
Circuit 1: gf180mcu_fd_sc_mcu7t5v0__oai31_ |Circuit 2: gf180mcu_fd_sc_mcu7t5v0__oai31_ 
-------------------------------------------|-------------------------------------------
A1                                         |A1                                         
A2                                         |A2                                         
A3                                         |A3                                         
B                                          |B                                          
ZN                                         |ZN                                         
VDD                                        |VDD                                        
VNW                                        |VNW                                        
VPW                                        |VPW                                        
VSS                                        |VSS                                        
---------------------------------------------------------------------------------------
Cell pin lists are equivalent.
Device classes gf180mcu_fd_sc_mcu7t5v0__oai31_4 and gf180mcu_fd_sc_mcu7t5v0__oai31_4 are equivalent.

Cell gf180mcu_fd_sc_mcu7t5v0__nor4_4 (0) disconnected node: A1
Cell gf180mcu_fd_sc_mcu7t5v0__nor4_4 (0) disconnected node: A2
Cell gf180mcu_fd_sc_mcu7t5v0__nor4_4 (0) disconnected node: A3
Cell gf180mcu_fd_sc_mcu7t5v0__nor4_4 (0) disconnected node: A4
Cell gf180mcu_fd_sc_mcu7t5v0__nor4_4 (0) disconnected node: ZN
Cell gf180mcu_fd_sc_mcu7t5v0__nor4_4 (0) disconnected node: VDD
Cell gf180mcu_fd_sc_mcu7t5v0__nor4_4 (0) disconnected node: VNW
Cell gf180mcu_fd_sc_mcu7t5v0__nor4_4 (0) disconnected node: VPW
Cell gf180mcu_fd_sc_mcu7t5v0__nor4_4 (0) disconnected node: VSS

Subcircuit pins:
Circuit 1: gf180mcu_fd_sc_mcu7t5v0__nor4_4 |Circuit 2: gf180mcu_fd_sc_mcu7t5v0__nor4_4 
-------------------------------------------|-------------------------------------------
A1                                         |A1                                         
A2                                         |A2                                         
A3                                         |A3                                         
A4                                         |A4                                         
ZN                                         |ZN                                         
VDD                                        |VDD                                        
VNW                                        |VNW                                        
VPW                                        |VPW                                        
VSS                                        |VSS                                        
---------------------------------------------------------------------------------------
Cell pin lists are equivalent.
Device classes gf180mcu_fd_sc_mcu7t5v0__nor4_4 and gf180mcu_fd_sc_mcu7t5v0__nor4_4 are equivalent.

Class chip_top_full (0):  Merged 14799 parallel devices.
Class chip_top_full (1):  Merged 14799 parallel devices.
Subcircuit summary:
Circuit 1: chip_top_full                   |Circuit 2: chip_top_full                   
-------------------------------------------|-------------------------------------------
gf180mcu_fd_sc_mcu7t5v0__fillcap_4 (5350-> |gf180mcu_fd_sc_mcu7t5v0__fillcap_4 (5350-> 
gf180mcu_fd_sc_mcu7t5v0__antenna (7889->68 |gf180mcu_fd_sc_mcu7t5v0__antenna (7889->68 
gf180mcu_fd_sc_mcu7t5v0__oai21_1 (2098)    |gf180mcu_fd_sc_mcu7t5v0__oai21_1 (2098)    
gf180mcu_fd_sc_mcu7t5v0__oai221_1 (72)     |gf180mcu_fd_sc_mcu7t5v0__oai221_1 (72)     
gf180mcu_fd_sc_mcu7t5v0__nand2_1 (3252)    |gf180mcu_fd_sc_mcu7t5v0__nand2_1 (3252)    
gf180mcu_fd_sc_mcu7t5v0__aoi22_1 (553)     |gf180mcu_fd_sc_mcu7t5v0__aoi22_1 (553)     
gf180mcu_fd_sc_mcu7t5v0__nor2_1 (878)      |gf180mcu_fd_sc_mcu7t5v0__nor2_1 (878)      
gf180mcu_fd_sc_mcu7t5v0__mux2_2 (399)      |gf180mcu_fd_sc_mcu7t5v0__mux2_2 (399)      
gf180mcu_fd_sc_mcu7t5v0__and2_1 (267)      |gf180mcu_fd_sc_mcu7t5v0__and2_1 (267)      
gf180mcu_fd_sc_mcu7t5v0__mux4_1 (582)      |gf180mcu_fd_sc_mcu7t5v0__mux4_1 (582)      
gf180mcu_fd_sc_mcu7t5v0__dffrnq_1 (429)    |gf180mcu_fd_sc_mcu7t5v0__dffrnq_1 (429)    
gf180mcu_fd_sc_mcu7t5v0__dffq_1 (2001)     |gf180mcu_fd_sc_mcu7t5v0__dffq_1 (2001)     
gf180mcu_fd_sc_mcu7t5v0__aoi21_1 (726)     |gf180mcu_fd_sc_mcu7t5v0__aoi21_1 (726)     
gf180mcu_fd_sc_mcu7t5v0__xor2_1 (665)      |gf180mcu_fd_sc_mcu7t5v0__xor2_1 (665)      
gf180mcu_fd_sc_mcu7t5v0__fillcap_8 (1706-> |gf180mcu_fd_sc_mcu7t5v0__fillcap_8 (1706-> 
gf180mcu_fd_sc_mcu7t5v0__xor3_1 (191)      |gf180mcu_fd_sc_mcu7t5v0__xor3_1 (191)      
gf180mcu_fd_sc_mcu7t5v0__clkinv_1 (589)    |gf180mcu_fd_sc_mcu7t5v0__clkinv_1 (589)    
gf180mcu_fd_sc_mcu7t5v0__xnor2_1 (190)     |gf180mcu_fd_sc_mcu7t5v0__xnor2_1 (190)     
gf180mcu_fd_sc_mcu7t5v0__nand3_1 (321)     |gf180mcu_fd_sc_mcu7t5v0__nand3_1 (321)     
gf180mcu_fd_sc_mcu7t5v0__fillcap_16 (476-> |gf180mcu_fd_sc_mcu7t5v0__fillcap_16 (476-> 
gf180mcu_fd_sc_mcu7t5v0__aoi221_1 (151)    |gf180mcu_fd_sc_mcu7t5v0__aoi221_1 (151)    
gf180mcu_fd_sc_mcu7t5v0__fillcap_64 (8->1) |gf180mcu_fd_sc_mcu7t5v0__fillcap_64 (8->1) 
gf180mcu_fd_sc_mcu7t5v0__or2_1 (152)       |gf180mcu_fd_sc_mcu7t5v0__or2_1 (152)       
gf180mcu_fd_sc_mcu7t5v0__oai22_1 (138)     |gf180mcu_fd_sc_mcu7t5v0__oai22_1 (138)     
gf180mcu_fd_sc_mcu7t5v0__clkbuf_8 (191)    |gf180mcu_fd_sc_mcu7t5v0__clkbuf_8 (191)    
gf180mcu_fd_sc_mcu7t5v0__clkbuf_16 (56)    |gf180mcu_fd_sc_mcu7t5v0__clkbuf_16 (56)    
gf180mcu_fd_sc_mcu7t5v0__nor3_1 (107)      |gf180mcu_fd_sc_mcu7t5v0__nor3_1 (107)      
gf180mcu_fd_sc_mcu7t5v0__buf_4 (283)       |gf180mcu_fd_sc_mcu7t5v0__buf_4 (283)       
gf180mcu_fd_sc_mcu7t5v0__oai211_1 (221)    |gf180mcu_fd_sc_mcu7t5v0__oai211_1 (221)    
gf180mcu_fd_sc_mcu7t5v0__and3_1 (79)       |gf180mcu_fd_sc_mcu7t5v0__and3_1 (79)       
gf180mcu_fd_sc_mcu7t5v0__xnor3_1 (72)      |gf180mcu_fd_sc_mcu7t5v0__xnor3_1 (72)      
gf180mcu_fd_sc_mcu7t5v0__nor4_1 (52)       |gf180mcu_fd_sc_mcu7t5v0__nor4_1 (52)       
gf180mcu_fd_sc_mcu7t5v0__clkbuf_2 (35)     |gf180mcu_fd_sc_mcu7t5v0__clkbuf_2 (35)     
gf180mcu_fd_sc_mcu7t5v0__buf_8 (84)        |gf180mcu_fd_sc_mcu7t5v0__buf_8 (84)        
gf180mcu_fd_sc_mcu7t5v0__oai31_1 (96)      |gf180mcu_fd_sc_mcu7t5v0__oai31_1 (96)      
gf180mcu_fd_sc_mcu7t5v0__dlyc_1 (336)      |gf180mcu_fd_sc_mcu7t5v0__dlyc_1 (336)      
gf180mcu_fd_sc_mcu7t5v0__buf_2 (23)        |gf180mcu_fd_sc_mcu7t5v0__buf_2 (23)        
gf180mcu_fd_sc_mcu7t5v0__buf_1 (37)        |gf180mcu_fd_sc_mcu7t5v0__buf_1 (37)        
gf180mcu_fd_sc_mcu7t5v0__or3_1 (36)        |gf180mcu_fd_sc_mcu7t5v0__or3_1 (36)        
gf180mcu_fd_sc_mcu7t5v0__and4_1 (13)       |gf180mcu_fd_sc_mcu7t5v0__and4_1 (13)       
gf180mcu_fd_sc_mcu7t5v0__dffrnq_2 (1)      |gf180mcu_fd_sc_mcu7t5v0__dffrnq_2 (1)      
gf180mcu_fd_sc_mcu7t5v0__fillcap_32 (55->1 |gf180mcu_fd_sc_mcu7t5v0__fillcap_32 (55->1 
gf180mcu_fd_sc_mcu7t5v0__nand4_1 (68)      |gf180mcu_fd_sc_mcu7t5v0__nand4_1 (68)      
gf180mcu_fd_sc_mcu7t5v0__aoi211_1 (86)     |gf180mcu_fd_sc_mcu7t5v0__aoi211_1 (86)     
gf180mcu_fd_sc_mcu7t5v0__nor2_2 (5)        |gf180mcu_fd_sc_mcu7t5v0__nor2_2 (5)        
gf180mcu_fd_sc_mcu7t5v0__aoi222_1 (18)     |gf180mcu_fd_sc_mcu7t5v0__aoi222_1 (18)     
gf180mcu_fd_sc_mcu7t5v0__buf_16 (23)       |gf180mcu_fd_sc_mcu7t5v0__buf_16 (23)       
gf180mcu_fd_sc_mcu7t5v0__oai32_1 (40)      |gf180mcu_fd_sc_mcu7t5v0__oai32_1 (40)      
gf180mcu_fd_sc_mcu7t5v0__dlyb_1 (17)       |gf180mcu_fd_sc_mcu7t5v0__dlyb_1 (17)       
gf180mcu_fd_sc_mcu7t5v0__clkbuf_4 (29)     |gf180mcu_fd_sc_mcu7t5v0__clkbuf_4 (29)     
gf180mcu_fd_sc_mcu7t5v0__inv_2 (26)        |gf180mcu_fd_sc_mcu7t5v0__inv_2 (26)        
gf180mcu_fd_sc_mcu7t5v0__dffq_2 (16)       |gf180mcu_fd_sc_mcu7t5v0__dffq_2 (16)       
gf180mcu_fd_sc_mcu7t5v0__nor4_2 (1)        |gf180mcu_fd_sc_mcu7t5v0__nor4_2 (1)        
gf180mcu_fd_sc_mcu7t5v0__or4_1 (29)        |gf180mcu_fd_sc_mcu7t5v0__or4_1 (29)        
gf180mcu_fd_sc_mcu7t5v0__clkinv_12 (6)     |gf180mcu_fd_sc_mcu7t5v0__clkinv_12 (6)     
gf180mcu_fd_sc_mcu7t5v0__dffrnq_4 (2)      |gf180mcu_fd_sc_mcu7t5v0__dffrnq_4 (2)      
gf180mcu_fd_sc_mcu7t5v0__icgtp_1 (2)       |gf180mcu_fd_sc_mcu7t5v0__icgtp_1 (2)       
gf180mcu_fd_sc_mcu7t5v0__oai33_1 (4)       |gf180mcu_fd_sc_mcu7t5v0__oai33_1 (4)       
gf180mcu_fd_sc_mcu7t5v0__nand2_2 (6)       |gf180mcu_fd_sc_mcu7t5v0__nand2_2 (6)       
gf180mcu_fd_sc_mcu7t5v0__clkinv_2 (11)     |gf180mcu_fd_sc_mcu7t5v0__clkinv_2 (11)     
gf180mcu_fd_sc_mcu7t5v0__inv_3 (12)        |gf180mcu_fd_sc_mcu7t5v0__inv_3 (12)        
gf180mcu_fd_sc_mcu7t5v0__buf_12 (20)       |gf180mcu_fd_sc_mcu7t5v0__buf_12 (20)       
gf180mcu_fd_sc_mcu7t5v0__dffsnq_1 (11)     |gf180mcu_fd_sc_mcu7t5v0__dffsnq_1 (11)     
gf180mcu_fd_sc_mcu7t5v0__tiel (2)          |gf180mcu_fd_sc_mcu7t5v0__tiel (2)          
gf180mcu_fd_sc_mcu7t5v0__clkinv_8 (8)      |gf180mcu_fd_sc_mcu7t5v0__clkinv_8 (8)      
gf180mcu_fd_sc_mcu7t5v0__clkinv_4 (3)      |gf180mcu_fd_sc_mcu7t5v0__clkinv_4 (3)      
gf180mcu_fd_sc_mcu7t5v0__inv_20 (2)        |gf180mcu_fd_sc_mcu7t5v0__inv_20 (2)        
gf180mcu_fd_sc_mcu7t5v0__clkbuf_20 (3)     |gf180mcu_fd_sc_mcu7t5v0__clkbuf_20 (3)     
gf180mcu_fd_sc_mcu7t5v0__inv_12 (2)        |gf180mcu_fd_sc_mcu7t5v0__inv_12 (2)        
gf180mcu_fd_sc_mcu7t5v0__inv_1 (4)         |gf180mcu_fd_sc_mcu7t5v0__inv_1 (4)         
gf180mcu_fd_sc_mcu7t5v0__inv_4 (10)        |gf180mcu_fd_sc_mcu7t5v0__inv_4 (10)        
gf180mcu_fd_sc_mcu7t5v0__or3_2 (1)         |gf180mcu_fd_sc_mcu7t5v0__or3_2 (1)         
gf180mcu_fd_sc_mcu7t5v0__tieh (2)          |gf180mcu_fd_sc_mcu7t5v0__tieh (2)          
gf180mcu_fd_sc_mcu7t5v0__nor3_2 (2)        |gf180mcu_fd_sc_mcu7t5v0__nor3_2 (2)        
gf180mcu_fd_sc_mcu7t5v0__buf_20 (3)        |gf180mcu_fd_sc_mcu7t5v0__buf_20 (3)        
gf180mcu_fd_sc_mcu7t5v0__dffq_4 (4)        |gf180mcu_fd_sc_mcu7t5v0__dffq_4 (4)        
gf180mcu_fd_sc_mcu7t5v0__nor2_4 (1)        |gf180mcu_fd_sc_mcu7t5v0__nor2_4 (1)        
gf180mcu_fd_sc_mcu7t5v0__clkinv_16 (1)     |gf180mcu_fd_sc_mcu7t5v0__clkinv_16 (1)     
gf180mcu_fd_sc_mcu7t5v0__clkinv_3 (1)      |gf180mcu_fd_sc_mcu7t5v0__clkinv_3 (1)      
gf180mcu_fd_sc_mcu7t5v0__dffnrnq_1 (1)     |gf180mcu_fd_sc_mcu7t5v0__dffnrnq_1 (1)     
gf180mcu_fd_sc_mcu7t5v0__inv_8 (1)         |gf180mcu_fd_sc_mcu7t5v0__inv_8 (1)         
gf180mcu_fd_sc_mcu7t5v0__nand3_2 (2)       |gf180mcu_fd_sc_mcu7t5v0__nand3_2 (2)       
gf180mcu_fd_sc_mcu7t5v0__clkbuf_3 (2)      |gf180mcu_fd_sc_mcu7t5v0__clkbuf_3 (2)      
gf180mcu_fd_ip_sram__sram512x8m8wm1 (2)    |gf180mcu_fd_ip_sram__sram512x8m8wm1 (2)    
gf180mcu_fd_sc_mcu7t5v0__oai222_1 (1)      |gf180mcu_fd_sc_mcu7t5v0__oai222_1 (1)      
gf180mcu_fd_sc_mcu7t5v0__oai31_2 (1)       |gf180mcu_fd_sc_mcu7t5v0__oai31_2 (1)       
gf180mcu_fd_sc_mcu7t5v0__xor2_2 (1)        |gf180mcu_fd_sc_mcu7t5v0__xor2_2 (1)        
gf180mcu_fd_sc_mcu7t5v0__or2_2 (1)         |gf180mcu_fd_sc_mcu7t5v0__or2_2 (1)         
gf180mcu_fd_sc_mcu7t5v0__oai31_4 (1)       |gf180mcu_fd_sc_mcu7t5v0__oai31_4 (1)       
gf180mcu_fd_sc_mcu7t5v0__nor4_4 (1)        |gf180mcu_fd_sc_mcu7t5v0__nor4_4 (1)        
Number of devices: 16556                   |Number of devices: 16556                   
Number of nets: 15897                      |Number of nets: 15897                      
---------------------------------------------------------------------------------------
Netlists match uniquely.

Subcircuit pins:
Circuit 1: chip_top_full                   |Circuit 2: chip_top_full                   
-------------------------------------------|-------------------------------------------
clk                                        |clk                                        
scan_load                                  |scan_load                                  
uart_rx                                    |uart_rx                                    
scan_in                                    |scan_in                                    
gpio_in[0]                                 |gpio_in[0]                                 
gpio_in[1]                                 |gpio_in[1]                                 
rst_n                                      |rst_n                                      
scan_i0o1                                  |scan_i0o1                                  
scan_shift                                 |scan_shift                                 
clk_int                                    |clk_int                                    
gpio_out[0]                                |gpio_out[0]                                
gpio_out[3]                                |gpio_out[3]                                
gpio_out[2]                                |gpio_out[2]                                
gpio_out[1]                                |gpio_out[1]                                
gpio_out[4]                                |gpio_out[4]                                
spi_mosi                                   |spi_mosi                                   
spi_cs_n                                   |spi_cs_n                                   
scan_out                                   |scan_out                                   
spi_sclk                                   |spi_sclk                                   
uart_tx                                    |uart_tx                                    
VDD                                        |VDD                                        
VSS                                        |VSS                                        
---------------------------------------------------------------------------------------
Cell pin lists are equivalent.
Device classes chip_top_full and chip_top_full are equivalent.

Final result: Circuits match uniquely.
.
