
Circuit 2 cell gf180mcu_fd_sc_mcu7t5v0__fillcap_8 is a black box; will not flatten Circuit 1
Warning: Equate pins:  cell gf180mcu_fd_sc_mcu7t5v0__fillcap_8 is a placeholder, treated as a black box.

Subcircuit pins:
Circuit 1: gf180mcu_fd_sc_mcu7t5v0__fillca |Circuit 2: gf180mcu_fd_sc_mcu7t5v0__fillca 
-------------------------------------------|-------------------------------------------
VDD                                        |VDD                                        
VSS                                        |VSS                                        
VNW                                        |VNW                                        
VPW                                        |VPW                                        
---------------------------------------------------------------------------------------
Cell pin lists are equivalent.
Device classes gf180mcu_fd_sc_mcu7t5v0__fillcap_8 and gf180mcu_fd_sc_mcu7t5v0__fillcap_8 are equivalent.

Circuit 2 cell gf180mcu_fd_sc_mcu7t5v0__antenna is a black box; will not flatten Circuit 1
Warning: Equate pins:  cell gf180mcu_fd_sc_mcu7t5v0__antenna is a placeholder, treated as a black box.

Subcircuit pins:
Circuit 1: gf180mcu_fd_sc_mcu7t5v0__antenn |Circuit 2: gf180mcu_fd_sc_mcu7t5v0__antenn 
-------------------------------------------|-------------------------------------------
VSS                                        |VSS                                        
I                                          |I                                          
VDD                                        |VDD                                        
VNW                                        |VNW                                        
VPW                                        |VPW                                        
---------------------------------------------------------------------------------------
Cell pin lists are equivalent.
Device classes gf180mcu_fd_sc_mcu7t5v0__antenna and gf180mcu_fd_sc_mcu7t5v0__antenna are equivalent.

Circuit 2 cell gf180mcu_fd_sc_mcu7t5v0__fillcap_4 is a black box; will not flatten Circuit 1
Warning: Equate pins:  cell gf180mcu_fd_sc_mcu7t5v0__fillcap_4 is a placeholder, treated as a black box.

Subcircuit pins:
Circuit 1: gf180mcu_fd_sc_mcu7t5v0__fillca |Circuit 2: gf180mcu_fd_sc_mcu7t5v0__fillca 
-------------------------------------------|-------------------------------------------
VDD                                        |VDD                                        
VSS                                        |VSS                                        
VNW                                        |VNW                                        
VPW                                        |VPW                                        
---------------------------------------------------------------------------------------
Cell pin lists are equivalent.
Device classes gf180mcu_fd_sc_mcu7t5v0__fillcap_4 and gf180mcu_fd_sc_mcu7t5v0__fillcap_4 are equivalent.

Circuit 2 cell gf180mcu_fd_sc_mcu7t5v0__clkinv_1 is a black box; will not flatten Circuit 1
Warning: Equate pins:  cell gf180mcu_fd_sc_mcu7t5v0__clkinv_1 is a placeholder, treated as a black box.

Subcircuit pins:
Circuit 1: gf180mcu_fd_sc_mcu7t5v0__clkinv |Circuit 2: gf180mcu_fd_sc_mcu7t5v0__clkinv 
-------------------------------------------|-------------------------------------------
VDD                                        |VDD                                        
VSS                                        |VSS                                        
I                                          |I                                          
ZN                                         |ZN                                         
VNW                                        |VNW                                        
VPW                                        |VPW                                        
---------------------------------------------------------------------------------------
Cell pin lists are equivalent.
Device classes gf180mcu_fd_sc_mcu7t5v0__clkinv_1 and gf180mcu_fd_sc_mcu7t5v0__clkinv_1 are equivalent.

Circuit 2 cell gf180mcu_fd_sc_mcu7t5v0__nand4_1 is a black box; will not flatten Circuit 1
Warning: Equate pins:  cell gf180mcu_fd_sc_mcu7t5v0__nand4_1 is a placeholder, treated as a black box.

Subcircuit pins:
Circuit 1: gf180mcu_fd_sc_mcu7t5v0__nand4_ |Circuit 2: gf180mcu_fd_sc_mcu7t5v0__nand4_ 
-------------------------------------------|-------------------------------------------
A3                                         |A3                                         
A4                                         |A4                                         
VDD                                        |VDD                                        
VSS                                        |VSS                                        
ZN                                         |ZN                                         
A1                                         |A1                                         
A2                                         |A2                                         
VNW                                        |VNW                                        
VPW                                        |VPW                                        
---------------------------------------------------------------------------------------
Cell pin lists are equivalent.
Device classes gf180mcu_fd_sc_mcu7t5v0__nand4_1 and gf180mcu_fd_sc_mcu7t5v0__nand4_1 are equivalent.

Circuit 2 cell gf180mcu_fd_sc_mcu7t5v0__dffq_1 is a black box; will not flatten Circuit 1
Warning: Equate pins:  cell gf180mcu_fd_sc_mcu7t5v0__dffq_1 is a placeholder, treated as a black box.

Subcircuit pins:
Circuit 1: gf180mcu_fd_sc_mcu7t5v0__dffq_1 |Circuit 2: gf180mcu_fd_sc_mcu7t5v0__dffq_1 
-------------------------------------------|-------------------------------------------
VDD                                        |VDD                                        
Q                                          |Q                                          
CLK                                        |CLK                                        
VSS                                        |VSS                                        
D                                          |D                                          
VNW                                        |VNW                                        
VPW                                        |VPW                                        
---------------------------------------------------------------------------------------
Cell pin lists are equivalent.
Device classes gf180mcu_fd_sc_mcu7t5v0__dffq_1 and gf180mcu_fd_sc_mcu7t5v0__dffq_1 are equivalent.

Circuit 2 cell gf180mcu_fd_sc_mcu7t5v0__fillcap_16 is a black box; will not flatten Circuit 1
Warning: Equate pins:  cell gf180mcu_fd_sc_mcu7t5v0__fillcap_16 is a placeholder, treated as a black box.

Subcircuit pins:
Circuit 1: gf180mcu_fd_sc_mcu7t5v0__fillca |Circuit 2: gf180mcu_fd_sc_mcu7t5v0__fillca 
-------------------------------------------|-------------------------------------------
VDD                                        |VDD                                        
VSS                                        |VSS                                        
VNW                                        |VNW                                        
VPW                                        |VPW                                        
---------------------------------------------------------------------------------------
Cell pin lists are equivalent.
Device classes gf180mcu_fd_sc_mcu7t5v0__fillcap_16 and gf180mcu_fd_sc_mcu7t5v0__fillcap_16 are equivalent.

Circuit 2 cell gf180mcu_fd_sc_mcu7t5v0__dlyc_1 is a black box; will not flatten Circuit 1
Warning: Equate pins:  cell gf180mcu_fd_sc_mcu7t5v0__dlyc_1 is a placeholder, treated as a black box.

Subcircuit pins:
Circuit 1: gf180mcu_fd_sc_mcu7t5v0__dlyc_1 |Circuit 2: gf180mcu_fd_sc_mcu7t5v0__dlyc_1 
-------------------------------------------|-------------------------------------------
Z                                          |Z                                          
VSS                                        |VSS                                        
I                                          |I                                          
VDD                                        |VDD                                        
VNW                                        |VNW                                        
VPW                                        |VPW                                        
---------------------------------------------------------------------------------------
Cell pin lists are equivalent.
Device classes gf180mcu_fd_sc_mcu7t5v0__dlyc_1 and gf180mcu_fd_sc_mcu7t5v0__dlyc_1 are equivalent.

Circuit 2 cell gf180mcu_fd_sc_mcu7t5v0__dffq_2 is a black box; will not flatten Circuit 1
Class gf180mcu_fd_sc_mcu7t5v0__dffq_2 (0):  Merged 2 parallel devices.
Warning: Equate pins:  cell gf180mcu_fd_sc_mcu7t5v0__dffq_2 is a placeholder, treated as a black box.

Subcircuit pins:
Circuit 1: gf180mcu_fd_sc_mcu7t5v0__dffq_2 |Circuit 2: gf180mcu_fd_sc_mcu7t5v0__dffq_2 
-------------------------------------------|-------------------------------------------
D                                          |D                                          
VDD                                        |VDD                                        
VSS                                        |VSS                                        
CLK                                        |CLK                                        
Q                                          |Q                                          
VNW                                        |VNW                                        
VPW                                        |VPW                                        
---------------------------------------------------------------------------------------
Cell pin lists are equivalent.
Device classes gf180mcu_fd_sc_mcu7t5v0__dffq_2 and gf180mcu_fd_sc_mcu7t5v0__dffq_2 are equivalent.

Circuit 2 cell gf180mcu_fd_sc_mcu7t5v0__nand2_1 is a black box; will not flatten Circuit 1
Warning: Equate pins:  cell gf180mcu_fd_sc_mcu7t5v0__nand2_1 is a placeholder, treated as a black box.

Subcircuit pins:
Circuit 1: gf180mcu_fd_sc_mcu7t5v0__nand2_ |Circuit 2: gf180mcu_fd_sc_mcu7t5v0__nand2_ 
-------------------------------------------|-------------------------------------------
VDD                                        |VDD                                        
VSS                                        |VSS                                        
ZN                                         |ZN                                         
A1                                         |A1                                         
A2                                         |A2                                         
VNW                                        |VNW                                        
VPW                                        |VPW                                        
---------------------------------------------------------------------------------------
Cell pin lists are equivalent.
Device classes gf180mcu_fd_sc_mcu7t5v0__nand2_1 and gf180mcu_fd_sc_mcu7t5v0__nand2_1 are equivalent.

Circuit 2 cell gf180mcu_fd_sc_mcu7t5v0__mux2_2 is a black box; will not flatten Circuit 1
Class gf180mcu_fd_sc_mcu7t5v0__mux2_2 (0):  Merged 2 parallel devices.
Warning: Equate pins:  cell gf180mcu_fd_sc_mcu7t5v0__mux2_2 is a placeholder, treated as a black box.

Subcircuit pins:
Circuit 1: gf180mcu_fd_sc_mcu7t5v0__mux2_2 |Circuit 2: gf180mcu_fd_sc_mcu7t5v0__mux2_2 
-------------------------------------------|-------------------------------------------
S                                          |S                                          
VDD                                        |VDD                                        
VSS                                        |VSS                                        
Z                                          |Z                                          
I0                                         |I0                                         
I1                                         |I1                                         
VNW                                        |VNW                                        
VPW                                        |VPW                                        
---------------------------------------------------------------------------------------
Cell pin lists are equivalent.
Device classes gf180mcu_fd_sc_mcu7t5v0__mux2_2 and gf180mcu_fd_sc_mcu7t5v0__mux2_2 are equivalent.

Circuit 2 cell gf180mcu_fd_sc_mcu7t5v0__and2_1 is a black box; will not flatten Circuit 1
Warning: Equate pins:  cell gf180mcu_fd_sc_mcu7t5v0__and2_1 is a placeholder, treated as a black box.

Subcircuit pins:
Circuit 1: gf180mcu_fd_sc_mcu7t5v0__and2_1 |Circuit 2: gf180mcu_fd_sc_mcu7t5v0__and2_1 
-------------------------------------------|-------------------------------------------
VDD                                        |VDD                                        
VSS                                        |VSS                                        
Z                                          |Z                                          
A1                                         |A1                                         
A2                                         |A2                                         
VNW                                        |VNW                                        
VPW                                        |VPW                                        
---------------------------------------------------------------------------------------
Cell pin lists are equivalent.
Device classes gf180mcu_fd_sc_mcu7t5v0__and2_1 and gf180mcu_fd_sc_mcu7t5v0__and2_1 are equivalent.

Circuit 2 cell gf180mcu_fd_sc_mcu7t5v0__aoi21_1 is a black box; will not flatten Circuit 1
Warning: Equate pins:  cell gf180mcu_fd_sc_mcu7t5v0__aoi21_1 is a placeholder, treated as a black box.

Subcircuit pins:
Circuit 1: gf180mcu_fd_sc_mcu7t5v0__aoi21_ |Circuit 2: gf180mcu_fd_sc_mcu7t5v0__aoi21_ 
-------------------------------------------|-------------------------------------------
B                                          |B                                          
VDD                                        |VDD                                        
VSS                                        |VSS                                        
ZN                                         |ZN                                         
A1                                         |A1                                         
A2                                         |A2                                         
VNW                                        |VNW                                        
VPW                                        |VPW                                        
---------------------------------------------------------------------------------------
Cell pin lists are equivalent.
Device classes gf180mcu_fd_sc_mcu7t5v0__aoi21_1 and gf180mcu_fd_sc_mcu7t5v0__aoi21_1 are equivalent.

Circuit 2 cell gf180mcu_fd_sc_mcu7t5v0__oai21_1 is a black box; will not flatten Circuit 1
Warning: Equate pins:  cell gf180mcu_fd_sc_mcu7t5v0__oai21_1 is a placeholder, treated as a black box.

Subcircuit pins:
Circuit 1: gf180mcu_fd_sc_mcu7t5v0__oai21_ |Circuit 2: gf180mcu_fd_sc_mcu7t5v0__oai21_ 
-------------------------------------------|-------------------------------------------
VDD                                        |VDD                                        
B                                          |B                                          
A2                                         |A2                                         
ZN                                         |ZN                                         
A1                                         |A1                                         
VSS                                        |VSS                                        
VNW                                        |VNW                                        
VPW                                        |VPW                                        
---------------------------------------------------------------------------------------
Cell pin lists are equivalent.
Device classes gf180mcu_fd_sc_mcu7t5v0__oai21_1 and gf180mcu_fd_sc_mcu7t5v0__oai21_1 are equivalent.

Circuit 2 cell gf180mcu_fd_sc_mcu7t5v0__nor2_1 is a black box; will not flatten Circuit 1
Warning: Equate pins:  cell gf180mcu_fd_sc_mcu7t5v0__nor2_1 is a placeholder, treated as a black box.

Subcircuit pins:
Circuit 1: gf180mcu_fd_sc_mcu7t5v0__nor2_1 |Circuit 2: gf180mcu_fd_sc_mcu7t5v0__nor2_1 
-------------------------------------------|-------------------------------------------
VDD                                        |VDD                                        
VSS                                        |VSS                                        
ZN                                         |ZN                                         
A1                                         |A1                                         
A2                                         |A2                                         
VNW                                        |VNW                                        
VPW                                        |VPW                                        
---------------------------------------------------------------------------------------
Cell pin lists are equivalent.
Device classes gf180mcu_fd_sc_mcu7t5v0__nor2_1 and gf180mcu_fd_sc_mcu7t5v0__nor2_1 are equivalent.

Circuit 2 cell gf180mcu_fd_sc_mcu7t5v0__or2_1 is a black box; will not flatten Circuit 1
Warning: Equate pins:  cell gf180mcu_fd_sc_mcu7t5v0__or2_1 is a placeholder, treated as a black box.

Subcircuit pins:
Circuit 1: gf180mcu_fd_sc_mcu7t5v0__or2_1  |Circuit 2: gf180mcu_fd_sc_mcu7t5v0__or2_1  
-------------------------------------------|-------------------------------------------
VDD                                        |VDD                                        
VSS                                        |VSS                                        
Z                                          |Z                                          
A1                                         |A1                                         
A2                                         |A2                                         
VNW                                        |VNW                                        
VPW                                        |VPW                                        
---------------------------------------------------------------------------------------
Cell pin lists are equivalent.
Device classes gf180mcu_fd_sc_mcu7t5v0__or2_1 and gf180mcu_fd_sc_mcu7t5v0__or2_1 are equivalent.

Circuit 2 cell gf180mcu_fd_sc_mcu7t5v0__aoi22_1 is a black box; will not flatten Circuit 1
Warning: Equate pins:  cell gf180mcu_fd_sc_mcu7t5v0__aoi22_1 is a placeholder, treated as a black box.

Subcircuit pins:
Circuit 1: gf180mcu_fd_sc_mcu7t5v0__aoi22_ |Circuit 2: gf180mcu_fd_sc_mcu7t5v0__aoi22_ 
-------------------------------------------|-------------------------------------------
B1                                         |B1                                         
B2                                         |B2                                         
VDD                                        |VDD                                        
VSS                                        |VSS                                        
ZN                                         |ZN                                         
A1                                         |A1                                         
A2                                         |A2                                         
VNW                                        |VNW                                        
VPW                                        |VPW                                        
---------------------------------------------------------------------------------------
Cell pin lists are equivalent.
Device classes gf180mcu_fd_sc_mcu7t5v0__aoi22_1 and gf180mcu_fd_sc_mcu7t5v0__aoi22_1 are equivalent.

Circuit 2 cell gf180mcu_fd_sc_mcu7t5v0__dffrnq_1 is a black box; will not flatten Circuit 1
Warning: Equate pins:  cell gf180mcu_fd_sc_mcu7t5v0__dffrnq_1 is a placeholder, treated as a black box.

Subcircuit pins:
Circuit 1: gf180mcu_fd_sc_mcu7t5v0__dffrnq |Circuit 2: gf180mcu_fd_sc_mcu7t5v0__dffrnq 
-------------------------------------------|-------------------------------------------
D                                          |D                                          
Q                                          |Q                                          
RN                                         |RN                                         
VSS                                        |VSS                                        
CLK                                        |CLK                                        
VDD                                        |VDD                                        
VNW                                        |VNW                                        
VPW                                        |VPW                                        
---------------------------------------------------------------------------------------
Cell pin lists are equivalent.
Device classes gf180mcu_fd_sc_mcu7t5v0__dffrnq_1 and gf180mcu_fd_sc_mcu7t5v0__dffrnq_1 are equivalent.

Circuit 2 cell gf180mcu_fd_sc_mcu7t5v0__xor2_1 is a black box; will not flatten Circuit 1
Warning: Equate pins:  cell gf180mcu_fd_sc_mcu7t5v0__xor2_1 is a placeholder, treated as a black box.

Subcircuit pins:
Circuit 1: gf180mcu_fd_sc_mcu7t5v0__xor2_1 |Circuit 2: gf180mcu_fd_sc_mcu7t5v0__xor2_1 
-------------------------------------------|-------------------------------------------
VDD                                        |VDD                                        
VSS                                        |VSS                                        
Z                                          |Z                                          
A1                                         |A1                                         
A2                                         |A2                                         
VNW                                        |VNW                                        
VPW                                        |VPW                                        
---------------------------------------------------------------------------------------
Cell pin lists are equivalent.
Device classes gf180mcu_fd_sc_mcu7t5v0__xor2_1 and gf180mcu_fd_sc_mcu7t5v0__xor2_1 are equivalent.

Circuit 2 cell gf180mcu_fd_sc_mcu7t5v0__oai211_1 is a black box; will not flatten Circuit 1
Warning: Equate pins:  cell gf180mcu_fd_sc_mcu7t5v0__oai211_1 is a placeholder, treated as a black box.

Subcircuit pins:
Circuit 1: gf180mcu_fd_sc_mcu7t5v0__oai211 |Circuit 2: gf180mcu_fd_sc_mcu7t5v0__oai211 
-------------------------------------------|-------------------------------------------
B                                          |B                                          
C                                          |C                                          
VDD                                        |VDD                                        
VSS                                        |VSS                                        
ZN                                         |ZN                                         
A1                                         |A1                                         
A2                                         |A2                                         
VNW                                        |VNW                                        
VPW                                        |VPW                                        
---------------------------------------------------------------------------------------
Cell pin lists are equivalent.
Device classes gf180mcu_fd_sc_mcu7t5v0__oai211_1 and gf180mcu_fd_sc_mcu7t5v0__oai211_1 are equivalent.

Circuit 2 cell gf180mcu_fd_sc_mcu7t5v0__mux4_1 is a black box; will not flatten Circuit 1
Warning: Equate pins:  cell gf180mcu_fd_sc_mcu7t5v0__mux4_1 is a placeholder, treated as a black box.

Subcircuit pins:
Circuit 1: gf180mcu_fd_sc_mcu7t5v0__mux4_1 |Circuit 2: gf180mcu_fd_sc_mcu7t5v0__mux4_1 
-------------------------------------------|-------------------------------------------
I0                                         |I0                                         
VSS                                        |VSS                                        
VDD                                        |VDD                                        
I2                                         |I2                                         
I1                                         |I1                                         
S0                                         |S0                                         
I3                                         |I3                                         
S1                                         |S1                                         
Z                                          |Z                                          
VNW                                        |VNW                                        
VPW                                        |VPW                                        
---------------------------------------------------------------------------------------
Cell pin lists are equivalent.
Device classes gf180mcu_fd_sc_mcu7t5v0__mux4_1 and gf180mcu_fd_sc_mcu7t5v0__mux4_1 are equivalent.

Circuit 2 cell gf180mcu_fd_sc_mcu7t5v0__buf_1 is a black box; will not flatten Circuit 1
Warning: Equate pins:  cell gf180mcu_fd_sc_mcu7t5v0__buf_1 is a placeholder, treated as a black box.

Subcircuit pins:
Circuit 1: gf180mcu_fd_sc_mcu7t5v0__buf_1  |Circuit 2: gf180mcu_fd_sc_mcu7t5v0__buf_1  
-------------------------------------------|-------------------------------------------
VSS                                        |VSS                                        
Z                                          |Z                                          
I                                          |I                                          
VDD                                        |VDD                                        
VNW                                        |VNW                                        
VPW                                        |VPW                                        
---------------------------------------------------------------------------------------
Cell pin lists are equivalent.
Device classes gf180mcu_fd_sc_mcu7t5v0__buf_1 and gf180mcu_fd_sc_mcu7t5v0__buf_1 are equivalent.

Circuit 2 cell gf180mcu_fd_sc_mcu7t5v0__clkbuf_8 is a black box; will not flatten Circuit 1
Class gf180mcu_fd_sc_mcu7t5v0__clkbuf_8 (0):  Merged 19 parallel devices.
Warning: Equate pins:  cell gf180mcu_fd_sc_mcu7t5v0__clkbuf_8 is a placeholder, treated as a black box.

Subcircuit pins:
Circuit 1: gf180mcu_fd_sc_mcu7t5v0__clkbuf |Circuit 2: gf180mcu_fd_sc_mcu7t5v0__clkbuf 
-------------------------------------------|-------------------------------------------
Z                                          |Z                                          
VSS                                        |VSS                                        
VDD                                        |VDD                                        
I                                          |I                                          
VNW                                        |VNW                                        
VPW                                        |VPW                                        
---------------------------------------------------------------------------------------
Cell pin lists are equivalent.
Device classes gf180mcu_fd_sc_mcu7t5v0__clkbuf_8 and gf180mcu_fd_sc_mcu7t5v0__clkbuf_8 are equivalent.

Circuit 2 cell gf180mcu_fd_sc_mcu7t5v0__and3_1 is a black box; will not flatten Circuit 1
Warning: Equate pins:  cell gf180mcu_fd_sc_mcu7t5v0__and3_1 is a placeholder, treated as a black box.

Subcircuit pins:
Circuit 1: gf180mcu_fd_sc_mcu7t5v0__and3_1 |Circuit 2: gf180mcu_fd_sc_mcu7t5v0__and3_1 
-------------------------------------------|-------------------------------------------
A3                                         |A3                                         
VDD                                        |VDD                                        
VSS                                        |VSS                                        
Z                                          |Z                                          
A1                                         |A1                                         
A2                                         |A2                                         
VNW                                        |VNW                                        
VPW                                        |VPW                                        
---------------------------------------------------------------------------------------
Cell pin lists are equivalent.
Device classes gf180mcu_fd_sc_mcu7t5v0__and3_1 and gf180mcu_fd_sc_mcu7t5v0__and3_1 are equivalent.

Circuit 2 cell gf180mcu_fd_sc_mcu7t5v0__clkbuf_16 is a black box; will not flatten Circuit 1
Class gf180mcu_fd_sc_mcu7t5v0__clkbuf_16 (0):  Merged 42 parallel devices.
Warning: Equate pins:  cell gf180mcu_fd_sc_mcu7t5v0__clkbuf_16 is a placeholder, treated as a black box.

Subcircuit pins:
Circuit 1: gf180mcu_fd_sc_mcu7t5v0__clkbuf |Circuit 2: gf180mcu_fd_sc_mcu7t5v0__clkbuf 
-------------------------------------------|-------------------------------------------
VDD                                        |VDD                                        
VSS                                        |VSS                                        
Z                                          |Z                                          
I                                          |I                                          
VNW                                        |VNW                                        
VPW                                        |VPW                                        
---------------------------------------------------------------------------------------
Cell pin lists are equivalent.
Device classes gf180mcu_fd_sc_mcu7t5v0__clkbuf_16 and gf180mcu_fd_sc_mcu7t5v0__clkbuf_16 are equivalent.

Circuit 2 cell gf180mcu_fd_sc_mcu7t5v0__fillcap_32 is a black box; will not flatten Circuit 1
Warning: Equate pins:  cell gf180mcu_fd_sc_mcu7t5v0__fillcap_32 is a placeholder, treated as a black box.

Subcircuit pins:
Circuit 1: gf180mcu_fd_sc_mcu7t5v0__fillca |Circuit 2: gf180mcu_fd_sc_mcu7t5v0__fillca 
-------------------------------------------|-------------------------------------------
VDD                                        |VDD                                        
VSS                                        |VSS                                        
VNW                                        |VNW                                        
VPW                                        |VPW                                        
---------------------------------------------------------------------------------------
Cell pin lists are equivalent.
Device classes gf180mcu_fd_sc_mcu7t5v0__fillcap_32 and gf180mcu_fd_sc_mcu7t5v0__fillcap_32 are equivalent.

Circuit 2 cell gf180mcu_fd_sc_mcu7t5v0__buf_4 is a black box; will not flatten Circuit 1
Class gf180mcu_fd_sc_mcu7t5v0__buf_4 (0):  Merged 8 parallel devices.
Warning: Equate pins:  cell gf180mcu_fd_sc_mcu7t5v0__buf_4 is a placeholder, treated as a black box.

Subcircuit pins:
Circuit 1: gf180mcu_fd_sc_mcu7t5v0__buf_4  |Circuit 2: gf180mcu_fd_sc_mcu7t5v0__buf_4  
-------------------------------------------|-------------------------------------------
Z                                          |Z                                          
I                                          |I                                          
VDD                                        |VDD                                        
VSS                                        |VSS                                        
VNW                                        |VNW                                        
VPW                                        |VPW                                        
---------------------------------------------------------------------------------------
Cell pin lists are equivalent.
Device classes gf180mcu_fd_sc_mcu7t5v0__buf_4 and gf180mcu_fd_sc_mcu7t5v0__buf_4 are equivalent.

Circuit 2 cell gf180mcu_fd_sc_mcu7t5v0__nand3_1 is a black box; will not flatten Circuit 1
Warning: Equate pins:  cell gf180mcu_fd_sc_mcu7t5v0__nand3_1 is a placeholder, treated as a black box.

Subcircuit pins:
Circuit 1: gf180mcu_fd_sc_mcu7t5v0__nand3_ |Circuit 2: gf180mcu_fd_sc_mcu7t5v0__nand3_ 
-------------------------------------------|-------------------------------------------
A3                                         |A3                                         
VDD                                        |VDD                                        
VSS                                        |VSS                                        
ZN                                         |ZN                                         
A1                                         |A1                                         
A2                                         |A2                                         
VNW                                        |VNW                                        
VPW                                        |VPW                                        
---------------------------------------------------------------------------------------
Cell pin lists are equivalent.
Device classes gf180mcu_fd_sc_mcu7t5v0__nand3_1 and gf180mcu_fd_sc_mcu7t5v0__nand3_1 are equivalent.

Circuit 2 cell gf180mcu_fd_sc_mcu7t5v0__buf_16 is a black box; will not flatten Circuit 1
Class gf180mcu_fd_sc_mcu7t5v0__buf_16 (0):  Merged 44 parallel devices.
Warning: Equate pins:  cell gf180mcu_fd_sc_mcu7t5v0__buf_16 is a placeholder, treated as a black box.

Subcircuit pins:
Circuit 1: gf180mcu_fd_sc_mcu7t5v0__buf_16 |Circuit 2: gf180mcu_fd_sc_mcu7t5v0__buf_16 
-------------------------------------------|-------------------------------------------
Z                                          |Z                                          
I                                          |I                                          
VDD                                        |VDD                                        
VSS                                        |VSS                                        
VNW                                        |VNW                                        
VPW                                        |VPW                                        
---------------------------------------------------------------------------------------
Cell pin lists are equivalent.
Device classes gf180mcu_fd_sc_mcu7t5v0__buf_16 and gf180mcu_fd_sc_mcu7t5v0__buf_16 are equivalent.

Circuit 2 cell gf180mcu_fd_sc_mcu7t5v0__buf_12 is a black box; will not flatten Circuit 1
Class gf180mcu_fd_sc_mcu7t5v0__buf_12 (0):  Merged 32 parallel devices.
Warning: Equate pins:  cell gf180mcu_fd_sc_mcu7t5v0__buf_12 is a placeholder, treated as a black box.

Subcircuit pins:
Circuit 1: gf180mcu_fd_sc_mcu7t5v0__buf_12 |Circuit 2: gf180mcu_fd_sc_mcu7t5v0__buf_12 
-------------------------------------------|-------------------------------------------
Z                                          |Z                                          
I                                          |I                                          
VDD                                        |VDD                                        
VSS                                        |VSS                                        
VNW                                        |VNW                                        
VPW                                        |VPW                                        
---------------------------------------------------------------------------------------
Cell pin lists are equivalent.
Device classes gf180mcu_fd_sc_mcu7t5v0__buf_12 and gf180mcu_fd_sc_mcu7t5v0__buf_12 are equivalent.

Circuit 2 cell gf180mcu_fd_sc_mcu7t5v0__oai221_1 is a black box; will not flatten Circuit 1
Warning: Equate pins:  cell gf180mcu_fd_sc_mcu7t5v0__oai221_1 is a placeholder, treated as a black box.

Subcircuit pins:
Circuit 1: gf180mcu_fd_sc_mcu7t5v0__oai221 |Circuit 2: gf180mcu_fd_sc_mcu7t5v0__oai221 
-------------------------------------------|-------------------------------------------
B1                                         |B1                                         
C                                          |C                                          
VDD                                        |VDD                                        
VSS                                        |VSS                                        
ZN                                         |ZN                                         
A1                                         |A1                                         
A2                                         |A2                                         
B2                                         |B2                                         
VNW                                        |VNW                                        
VPW                                        |VPW                                        
---------------------------------------------------------------------------------------
Cell pin lists are equivalent.
Device classes gf180mcu_fd_sc_mcu7t5v0__oai221_1 and gf180mcu_fd_sc_mcu7t5v0__oai221_1 are equivalent.

Circuit 2 cell gf180mcu_fd_sc_mcu7t5v0__aoi211_1 is a black box; will not flatten Circuit 1
Warning: Equate pins:  cell gf180mcu_fd_sc_mcu7t5v0__aoi211_1 is a placeholder, treated as a black box.

Subcircuit pins:
Circuit 1: gf180mcu_fd_sc_mcu7t5v0__aoi211 |Circuit 2: gf180mcu_fd_sc_mcu7t5v0__aoi211 
-------------------------------------------|-------------------------------------------
B                                          |B                                          
C                                          |C                                          
VDD                                        |VDD                                        
VSS                                        |VSS                                        
ZN                                         |ZN                                         
A1                                         |A1                                         
A2                                         |A2                                         
VNW                                        |VNW                                        
VPW                                        |VPW                                        
---------------------------------------------------------------------------------------
Cell pin lists are equivalent.
Device classes gf180mcu_fd_sc_mcu7t5v0__aoi211_1 and gf180mcu_fd_sc_mcu7t5v0__aoi211_1 are equivalent.

Circuit 2 cell gf180mcu_fd_sc_mcu7t5v0__nor4_1 is a black box; will not flatten Circuit 1
Warning: Equate pins:  cell gf180mcu_fd_sc_mcu7t5v0__nor4_1 is a placeholder, treated as a black box.

Subcircuit pins:
Circuit 1: gf180mcu_fd_sc_mcu7t5v0__nor4_1 |Circuit 2: gf180mcu_fd_sc_mcu7t5v0__nor4_1 
-------------------------------------------|-------------------------------------------
A3                                         |A3                                         
A4                                         |A4                                         
VDD                                        |VDD                                        
VSS                                        |VSS                                        
ZN                                         |ZN                                         
A1                                         |A1                                         
A2                                         |A2                                         
VNW                                        |VNW                                        
VPW                                        |VPW                                        
---------------------------------------------------------------------------------------
Cell pin lists are equivalent.
Device classes gf180mcu_fd_sc_mcu7t5v0__nor4_1 and gf180mcu_fd_sc_mcu7t5v0__nor4_1 are equivalent.

Circuit 2 cell gf180mcu_fd_sc_mcu7t5v0__clkbuf_2 is a black box; will not flatten Circuit 1
Class gf180mcu_fd_sc_mcu7t5v0__clkbuf_2 (0):  Merged 2 parallel devices.
Warning: Equate pins:  cell gf180mcu_fd_sc_mcu7t5v0__clkbuf_2 is a placeholder, treated as a black box.

Subcircuit pins:
Circuit 1: gf180mcu_fd_sc_mcu7t5v0__clkbuf |Circuit 2: gf180mcu_fd_sc_mcu7t5v0__clkbuf 
-------------------------------------------|-------------------------------------------
Z                                          |Z                                          
VSS                                        |VSS                                        
VDD                                        |VDD                                        
I                                          |I                                          
VNW                                        |VNW                                        
VPW                                        |VPW                                        
---------------------------------------------------------------------------------------
Cell pin lists are equivalent.
Device classes gf180mcu_fd_sc_mcu7t5v0__clkbuf_2 and gf180mcu_fd_sc_mcu7t5v0__clkbuf_2 are equivalent.

Circuit 2 cell gf180mcu_fd_sc_mcu7t5v0__buf_8 is a black box; will not flatten Circuit 1
Class gf180mcu_fd_sc_mcu7t5v0__buf_8 (0):  Merged 20 parallel devices.
Warning: Equate pins:  cell gf180mcu_fd_sc_mcu7t5v0__buf_8 is a placeholder, treated as a black box.

Subcircuit pins:
Circuit 1: gf180mcu_fd_sc_mcu7t5v0__buf_8  |Circuit 2: gf180mcu_fd_sc_mcu7t5v0__buf_8  
-------------------------------------------|-------------------------------------------
Z                                          |Z                                          
I                                          |I                                          
VDD                                        |VDD                                        
VSS                                        |VSS                                        
VNW                                        |VNW                                        
VPW                                        |VPW                                        
---------------------------------------------------------------------------------------
Cell pin lists are equivalent.
Device classes gf180mcu_fd_sc_mcu7t5v0__buf_8 and gf180mcu_fd_sc_mcu7t5v0__buf_8 are equivalent.

Circuit 2 cell gf180mcu_fd_sc_mcu7t5v0__oai32_1 is a black box; will not flatten Circuit 1
Warning: Equate pins:  cell gf180mcu_fd_sc_mcu7t5v0__oai32_1 is a placeholder, treated as a black box.

Subcircuit pins:
Circuit 1: gf180mcu_fd_sc_mcu7t5v0__oai32_ |Circuit 2: gf180mcu_fd_sc_mcu7t5v0__oai32_ 
-------------------------------------------|-------------------------------------------
A3                                         |A3                                         
B1                                         |B1                                         
B2                                         |B2                                         
VDD                                        |VDD                                        
VSS                                        |VSS                                        
ZN                                         |ZN                                         
A1                                         |A1                                         
A2                                         |A2                                         
VNW                                        |VNW                                        
VPW                                        |VPW                                        
---------------------------------------------------------------------------------------
Cell pin lists are equivalent.
Device classes gf180mcu_fd_sc_mcu7t5v0__oai32_1 and gf180mcu_fd_sc_mcu7t5v0__oai32_1 are equivalent.

Circuit 2 cell gf180mcu_fd_sc_mcu7t5v0__aoi221_1 is a black box; will not flatten Circuit 1
Warning: Equate pins:  cell gf180mcu_fd_sc_mcu7t5v0__aoi221_1 is a placeholder, treated as a black box.

Subcircuit pins:
Circuit 1: gf180mcu_fd_sc_mcu7t5v0__aoi221 |Circuit 2: gf180mcu_fd_sc_mcu7t5v0__aoi221 
-------------------------------------------|-------------------------------------------
B2                                         |B2                                         
C                                          |C                                          
VDD                                        |VDD                                        
VSS                                        |VSS                                        
ZN                                         |ZN                                         
A1                                         |A1                                         
A2                                         |A2                                         
B1                                         |B1                                         
VNW                                        |VNW                                        
VPW                                        |VPW                                        
---------------------------------------------------------------------------------------
Cell pin lists are equivalent.
Device classes gf180mcu_fd_sc_mcu7t5v0__aoi221_1 and gf180mcu_fd_sc_mcu7t5v0__aoi221_1 are equivalent.

Circuit 2 cell gf180mcu_fd_sc_mcu7t5v0__oai31_1 is a black box; will not flatten Circuit 1
Warning: Equate pins:  cell gf180mcu_fd_sc_mcu7t5v0__oai31_1 is a placeholder, treated as a black box.

Subcircuit pins:
Circuit 1: gf180mcu_fd_sc_mcu7t5v0__oai31_ |Circuit 2: gf180mcu_fd_sc_mcu7t5v0__oai31_ 
-------------------------------------------|-------------------------------------------
VDD                                        |VDD                                        
ZN                                         |ZN                                         
B                                          |B                                          
A1                                         |A1                                         
A2                                         |A2                                         
VSS                                        |VSS                                        
A3                                         |A3                                         
VNW                                        |VNW                                        
VPW                                        |VPW                                        
---------------------------------------------------------------------------------------
Cell pin lists are equivalent.
Device classes gf180mcu_fd_sc_mcu7t5v0__oai31_1 and gf180mcu_fd_sc_mcu7t5v0__oai31_1 are equivalent.

Circuit 2 cell gf180mcu_fd_sc_mcu7t5v0__nor3_1 is a black box; will not flatten Circuit 1
Warning: Equate pins:  cell gf180mcu_fd_sc_mcu7t5v0__nor3_1 is a placeholder, treated as a black box.

Subcircuit pins:
Circuit 1: gf180mcu_fd_sc_mcu7t5v0__nor3_1 |Circuit 2: gf180mcu_fd_sc_mcu7t5v0__nor3_1 
-------------------------------------------|-------------------------------------------
A3                                         |A3                                         
VDD                                        |VDD                                        
VSS                                        |VSS                                        
ZN                                         |ZN                                         
A1                                         |A1                                         
A2                                         |A2                                         
VNW                                        |VNW                                        
VPW                                        |VPW                                        
---------------------------------------------------------------------------------------
Cell pin lists are equivalent.
Device classes gf180mcu_fd_sc_mcu7t5v0__nor3_1 and gf180mcu_fd_sc_mcu7t5v0__nor3_1 are equivalent.

Circuit 2 cell gf180mcu_fd_sc_mcu7t5v0__xor3_1 is a black box; will not flatten Circuit 1
Warning: Equate pins:  cell gf180mcu_fd_sc_mcu7t5v0__xor3_1 is a placeholder, treated as a black box.

Subcircuit pins:
Circuit 1: gf180mcu_fd_sc_mcu7t5v0__xor3_1 |Circuit 2: gf180mcu_fd_sc_mcu7t5v0__xor3_1 
-------------------------------------------|-------------------------------------------
A3                                         |A3                                         
VDD                                        |VDD                                        
VSS                                        |VSS                                        
Z                                          |Z                                          
A1                                         |A1                                         
A2                                         |A2                                         
VNW                                        |VNW                                        
VPW                                        |VPW                                        
---------------------------------------------------------------------------------------
Cell pin lists are equivalent.
Device classes gf180mcu_fd_sc_mcu7t5v0__xor3_1 and gf180mcu_fd_sc_mcu7t5v0__xor3_1 are equivalent.

Circuit 2 cell gf180mcu_fd_sc_mcu7t5v0__dffq_4 is a black box; will not flatten Circuit 1
Class gf180mcu_fd_sc_mcu7t5v0__dffq_4 (0):  Merged 8 parallel devices.
Warning: Equate pins:  cell gf180mcu_fd_sc_mcu7t5v0__dffq_4 is a placeholder, treated as a black box.

Subcircuit pins:
Circuit 1: gf180mcu_fd_sc_mcu7t5v0__dffq_4 |Circuit 2: gf180mcu_fd_sc_mcu7t5v0__dffq_4 
-------------------------------------------|-------------------------------------------
D                                          |D                                          
Q                                          |Q                                          
VDD                                        |VDD                                        
VSS                                        |VSS                                        
CLK                                        |CLK                                        
VNW                                        |VNW                                        
VPW                                        |VPW                                        
---------------------------------------------------------------------------------------
Cell pin lists are equivalent.
Device classes gf180mcu_fd_sc_mcu7t5v0__dffq_4 and gf180mcu_fd_sc_mcu7t5v0__dffq_4 are equivalent.

Circuit 2 cell gf180mcu_fd_sc_mcu7t5v0__nand2_2 is a black box; will not flatten Circuit 1
Class gf180mcu_fd_sc_mcu7t5v0__nand2_2 (0):  Merged 2 parallel devices.
Warning: Equate pins:  cell gf180mcu_fd_sc_mcu7t5v0__nand2_2 is a placeholder, treated as a black box.

Subcircuit pins:
Circuit 1: gf180mcu_fd_sc_mcu7t5v0__nand2_ |Circuit 2: gf180mcu_fd_sc_mcu7t5v0__nand2_ 
-------------------------------------------|-------------------------------------------
VDD                                        |VDD                                        
VSS                                        |VSS                                        
ZN                                         |ZN                                         
A1                                         |A1                                         
A2                                         |A2                                         
VNW                                        |VNW                                        
VPW                                        |VPW                                        
---------------------------------------------------------------------------------------
Cell pin lists are equivalent.
Device classes gf180mcu_fd_sc_mcu7t5v0__nand2_2 and gf180mcu_fd_sc_mcu7t5v0__nand2_2 are equivalent.

Circuit 2 cell gf180mcu_fd_sc_mcu7t5v0__oai22_1 is a black box; will not flatten Circuit 1
Warning: Equate pins:  cell gf180mcu_fd_sc_mcu7t5v0__oai22_1 is a placeholder, treated as a black box.

Subcircuit pins:
Circuit 1: gf180mcu_fd_sc_mcu7t5v0__oai22_ |Circuit 2: gf180mcu_fd_sc_mcu7t5v0__oai22_ 
-------------------------------------------|-------------------------------------------
A2                                         |A2                                         
B1                                         |B1                                         
B2                                         |B2                                         
VDD                                        |VDD                                        
VSS                                        |VSS                                        
ZN                                         |ZN                                         
A1                                         |A1                                         
VNW                                        |VNW                                        
VPW                                        |VPW                                        
---------------------------------------------------------------------------------------
Cell pin lists are equivalent.
Device classes gf180mcu_fd_sc_mcu7t5v0__oai22_1 and gf180mcu_fd_sc_mcu7t5v0__oai22_1 are equivalent.

Circuit 2 cell gf180mcu_fd_sc_mcu7t5v0__clkinv_4 is a black box; will not flatten Circuit 1
Class gf180mcu_fd_sc_mcu7t5v0__clkinv_4 (0):  Merged 6 parallel devices.
Warning: Equate pins:  cell gf180mcu_fd_sc_mcu7t5v0__clkinv_4 is a placeholder, treated as a black box.

Subcircuit pins:
Circuit 1: gf180mcu_fd_sc_mcu7t5v0__clkinv |Circuit 2: gf180mcu_fd_sc_mcu7t5v0__clkinv 
-------------------------------------------|-------------------------------------------
VDD                                        |VDD                                        
VSS                                        |VSS                                        
I                                          |I                                          
VNW                                        |VNW                                        
VPW                                        |VPW                                        
ZN                                         |(no matching pin)                          
---------------------------------------------------------------------------------------
Cell pin lists are equivalent.
Device classes gf180mcu_fd_sc_mcu7t5v0__clkinv_4 and gf180mcu_fd_sc_mcu7t5v0__clkinv_4 are equivalent.

Circuit 2 cell gf180mcu_fd_sc_mcu7t5v0__and4_1 is a black box; will not flatten Circuit 1
Warning: Equate pins:  cell gf180mcu_fd_sc_mcu7t5v0__and4_1 is a placeholder, treated as a black box.

Subcircuit pins:
Circuit 1: gf180mcu_fd_sc_mcu7t5v0__and4_1 |Circuit 2: gf180mcu_fd_sc_mcu7t5v0__and4_1 
-------------------------------------------|-------------------------------------------
A3                                         |A3                                         
A4                                         |A4                                         
VDD                                        |VDD                                        
VSS                                        |VSS                                        
Z                                          |Z                                          
A1                                         |A1                                         
A2                                         |A2                                         
VNW                                        |VNW                                        
VPW                                        |VPW                                        
---------------------------------------------------------------------------------------
Cell pin lists are equivalent.
Device classes gf180mcu_fd_sc_mcu7t5v0__and4_1 and gf180mcu_fd_sc_mcu7t5v0__and4_1 are equivalent.

Circuit 2 cell gf180mcu_fd_sc_mcu7t5v0__or3_1 is a black box; will not flatten Circuit 1
Warning: Equate pins:  cell gf180mcu_fd_sc_mcu7t5v0__or3_1 is a placeholder, treated as a black box.

Subcircuit pins:
Circuit 1: gf180mcu_fd_sc_mcu7t5v0__or3_1  |Circuit 2: gf180mcu_fd_sc_mcu7t5v0__or3_1  
-------------------------------------------|-------------------------------------------
A3                                         |A3                                         
VDD                                        |VDD                                        
VSS                                        |VSS                                        
Z                                          |Z                                          
A1                                         |A1                                         
A2                                         |A2                                         
VNW                                        |VNW                                        
VPW                                        |VPW                                        
---------------------------------------------------------------------------------------
Cell pin lists are equivalent.
Device classes gf180mcu_fd_sc_mcu7t5v0__or3_1 and gf180mcu_fd_sc_mcu7t5v0__or3_1 are equivalent.

Circuit 2 cell gf180mcu_fd_sc_mcu7t5v0__dlyb_1 is a black box; will not flatten Circuit 1
Warning: Equate pins:  cell gf180mcu_fd_sc_mcu7t5v0__dlyb_1 is a placeholder, treated as a black box.

Subcircuit pins:
Circuit 1: gf180mcu_fd_sc_mcu7t5v0__dlyb_1 |Circuit 2: gf180mcu_fd_sc_mcu7t5v0__dlyb_1 
-------------------------------------------|-------------------------------------------
VDD                                        |VDD                                        
I                                          |I                                          
VSS                                        |VSS                                        
Z                                          |Z                                          
VNW                                        |VNW                                        
VPW                                        |VPW                                        
---------------------------------------------------------------------------------------
Cell pin lists are equivalent.
Device classes gf180mcu_fd_sc_mcu7t5v0__dlyb_1 and gf180mcu_fd_sc_mcu7t5v0__dlyb_1 are equivalent.

Circuit 2 cell gf180mcu_fd_sc_mcu7t5v0__xnor2_1 is a black box; will not flatten Circuit 1
Warning: Equate pins:  cell gf180mcu_fd_sc_mcu7t5v0__xnor2_1 is a placeholder, treated as a black box.

Subcircuit pins:
Circuit 1: gf180mcu_fd_sc_mcu7t5v0__xnor2_ |Circuit 2: gf180mcu_fd_sc_mcu7t5v0__xnor2_ 
-------------------------------------------|-------------------------------------------
VDD                                        |VDD                                        
VSS                                        |VSS                                        
ZN                                         |ZN                                         
A1                                         |A1                                         
A2                                         |A2                                         
VNW                                        |VNW                                        
VPW                                        |VPW                                        
---------------------------------------------------------------------------------------
Cell pin lists are equivalent.
Device classes gf180mcu_fd_sc_mcu7t5v0__xnor2_1 and gf180mcu_fd_sc_mcu7t5v0__xnor2_1 are equivalent.

Circuit 2 cell gf180mcu_fd_sc_mcu7t5v0__or4_1 is a black box; will not flatten Circuit 1
Warning: Equate pins:  cell gf180mcu_fd_sc_mcu7t5v0__or4_1 is a placeholder, treated as a black box.

Subcircuit pins:
Circuit 1: gf180mcu_fd_sc_mcu7t5v0__or4_1  |Circuit 2: gf180mcu_fd_sc_mcu7t5v0__or4_1  
-------------------------------------------|-------------------------------------------
A3                                         |A3                                         
A4                                         |A4                                         
VDD                                        |VDD                                        
VSS                                        |VSS                                        
Z                                          |Z                                          
A1                                         |A1                                         
A2                                         |A2                                         
VNW                                        |VNW                                        
VPW                                        |VPW                                        
---------------------------------------------------------------------------------------
Cell pin lists are equivalent.
Device classes gf180mcu_fd_sc_mcu7t5v0__or4_1 and gf180mcu_fd_sc_mcu7t5v0__or4_1 are equivalent.

Circuit 2 cell gf180mcu_fd_sc_mcu7t5v0__fillcap_64 is a black box; will not flatten Circuit 1
Warning: Equate pins:  cell gf180mcu_fd_sc_mcu7t5v0__fillcap_64 is a placeholder, treated as a black box.

Subcircuit pins:
Circuit 1: gf180mcu_fd_sc_mcu7t5v0__fillca |Circuit 2: gf180mcu_fd_sc_mcu7t5v0__fillca 
-------------------------------------------|-------------------------------------------
VDD                                        |VDD                                        
VSS                                        |VSS                                        
VNW                                        |VNW                                        
VPW                                        |VPW                                        
---------------------------------------------------------------------------------------
Cell pin lists are equivalent.
Device classes gf180mcu_fd_sc_mcu7t5v0__fillcap_64 and gf180mcu_fd_sc_mcu7t5v0__fillcap_64 are equivalent.

Circuit 2 cell gf180mcu_fd_sc_mcu7t5v0__clkbuf_4 is a black box; will not flatten Circuit 1
Class gf180mcu_fd_sc_mcu7t5v0__clkbuf_4 (0):  Merged 7 parallel devices.
Warning: Equate pins:  cell gf180mcu_fd_sc_mcu7t5v0__clkbuf_4 is a placeholder, treated as a black box.

Subcircuit pins:
Circuit 1: gf180mcu_fd_sc_mcu7t5v0__clkbuf |Circuit 2: gf180mcu_fd_sc_mcu7t5v0__clkbuf 
-------------------------------------------|-------------------------------------------
VSS                                        |VSS                                        
VDD                                        |VDD                                        
I                                          |I                                          
VNW                                        |VNW                                        
VPW                                        |VPW                                        
Z                                          |(no matching pin)                          
---------------------------------------------------------------------------------------
Cell pin lists are equivalent.
Device classes gf180mcu_fd_sc_mcu7t5v0__clkbuf_4 and gf180mcu_fd_sc_mcu7t5v0__clkbuf_4 are equivalent.

Circuit 2 cell gf180mcu_fd_sc_mcu7t5v0__inv_2 is a black box; will not flatten Circuit 1
Class gf180mcu_fd_sc_mcu7t5v0__inv_2 (0):  Merged 2 parallel devices.
Warning: Equate pins:  cell gf180mcu_fd_sc_mcu7t5v0__inv_2 is a placeholder, treated as a black box.

Subcircuit pins:
Circuit 1: gf180mcu_fd_sc_mcu7t5v0__inv_2  |Circuit 2: gf180mcu_fd_sc_mcu7t5v0__inv_2  
-------------------------------------------|-------------------------------------------
VSS                                        |VSS                                        
I                                          |I                                          
VDD                                        |VDD                                        
VNW                                        |VNW                                        
VPW                                        |VPW                                        
ZN                                         |(no matching pin)                          
---------------------------------------------------------------------------------------
Cell pin lists are equivalent.
Device classes gf180mcu_fd_sc_mcu7t5v0__inv_2 and gf180mcu_fd_sc_mcu7t5v0__inv_2 are equivalent.

Circuit 2 cell gf180mcu_fd_sc_mcu7t5v0__and2_2 is a black box; will not flatten Circuit 1
Class gf180mcu_fd_sc_mcu7t5v0__and2_2 (0):  Merged 2 parallel devices.
Warning: Equate pins:  cell gf180mcu_fd_sc_mcu7t5v0__and2_2 is a placeholder, treated as a black box.

Subcircuit pins:
Circuit 1: gf180mcu_fd_sc_mcu7t5v0__and2_2 |Circuit 2: gf180mcu_fd_sc_mcu7t5v0__and2_2 
-------------------------------------------|-------------------------------------------
VDD                                        |VDD                                        
VSS                                        |VSS                                        
Z                                          |Z                                          
A1                                         |A1                                         
A2                                         |A2                                         
VNW                                        |VNW                                        
VPW                                        |VPW                                        
---------------------------------------------------------------------------------------
Cell pin lists are equivalent.
Device classes gf180mcu_fd_sc_mcu7t5v0__and2_2 and gf180mcu_fd_sc_mcu7t5v0__and2_2 are equivalent.

Circuit 2 cell gf180mcu_fd_sc_mcu7t5v0__inv_3 is a black box; will not flatten Circuit 1
Class gf180mcu_fd_sc_mcu7t5v0__inv_3 (0):  Merged 4 parallel devices.
Warning: Equate pins:  cell gf180mcu_fd_sc_mcu7t5v0__inv_3 is a placeholder, treated as a black box.

Subcircuit pins:
Circuit 1: gf180mcu_fd_sc_mcu7t5v0__inv_3  |Circuit 2: gf180mcu_fd_sc_mcu7t5v0__inv_3  
-------------------------------------------|-------------------------------------------
VSS                                        |VSS                                        
I                                          |I                                          
VDD                                        |VDD                                        
VNW                                        |VNW                                        
VPW                                        |VPW                                        
ZN                                         |(no matching pin)                          
---------------------------------------------------------------------------------------
Cell pin lists are equivalent.
Device classes gf180mcu_fd_sc_mcu7t5v0__inv_3 and gf180mcu_fd_sc_mcu7t5v0__inv_3 are equivalent.

Circuit 2 cell gf180mcu_fd_sc_mcu7t5v0__inv_4 is a black box; will not flatten Circuit 1
Class gf180mcu_fd_sc_mcu7t5v0__inv_4 (0):  Merged 6 parallel devices.
Warning: Equate pins:  cell gf180mcu_fd_sc_mcu7t5v0__inv_4 is a placeholder, treated as a black box.

Subcircuit pins:
Circuit 1: gf180mcu_fd_sc_mcu7t5v0__inv_4  |Circuit 2: gf180mcu_fd_sc_mcu7t5v0__inv_4  
-------------------------------------------|-------------------------------------------
VSS                                        |VSS                                        
I                                          |I                                          
VDD                                        |VDD                                        
VNW                                        |VNW                                        
VPW                                        |VPW                                        
ZN                                         |(no matching pin)                          
---------------------------------------------------------------------------------------
Cell pin lists are equivalent.
Device classes gf180mcu_fd_sc_mcu7t5v0__inv_4 and gf180mcu_fd_sc_mcu7t5v0__inv_4 are equivalent.

Circuit 2 cell gf180mcu_fd_sc_mcu7t5v0__dffrnq_2 is a black box; will not flatten Circuit 1
Class gf180mcu_fd_sc_mcu7t5v0__dffrnq_2 (0):  Merged 2 parallel devices.
Warning: Equate pins:  cell gf180mcu_fd_sc_mcu7t5v0__dffrnq_2 is a placeholder, treated as a black box.

Subcircuit pins:
Circuit 1: gf180mcu_fd_sc_mcu7t5v0__dffrnq |Circuit 2: gf180mcu_fd_sc_mcu7t5v0__dffrnq 
-------------------------------------------|-------------------------------------------
D                                          |D                                          
Q                                          |Q                                          
RN                                         |RN                                         
VDD                                        |VDD                                        
VSS                                        |VSS                                        
CLK                                        |CLK                                        
VNW                                        |VNW                                        
VPW                                        |VPW                                        
---------------------------------------------------------------------------------------
Cell pin lists are equivalent.
Device classes gf180mcu_fd_sc_mcu7t5v0__dffrnq_2 and gf180mcu_fd_sc_mcu7t5v0__dffrnq_2 are equivalent.

Circuit 2 cell gf180mcu_fd_sc_mcu7t5v0__dffsnq_1 is a black box; will not flatten Circuit 1
Warning: Equate pins:  cell gf180mcu_fd_sc_mcu7t5v0__dffsnq_1 is a placeholder, treated as a black box.

Subcircuit pins:
Circuit 1: gf180mcu_fd_sc_mcu7t5v0__dffsnq |Circuit 2: gf180mcu_fd_sc_mcu7t5v0__dffsnq 
-------------------------------------------|-------------------------------------------
VSS                                        |VSS                                        
CLK                                        |CLK                                        
VDD                                        |VDD                                        
D                                          |D                                          
Q                                          |Q                                          
SETN                                       |SETN                                       
VNW                                        |VNW                                        
VPW                                        |VPW                                        
---------------------------------------------------------------------------------------
Cell pin lists are equivalent.
Device classes gf180mcu_fd_sc_mcu7t5v0__dffsnq_1 and gf180mcu_fd_sc_mcu7t5v0__dffsnq_1 are equivalent.

Circuit 2 cell gf180mcu_fd_sc_mcu7t5v0__clkinv_12 is a black box; will not flatten Circuit 1
Class gf180mcu_fd_sc_mcu7t5v0__clkinv_12 (0):  Merged 22 parallel devices.
Warning: Equate pins:  cell gf180mcu_fd_sc_mcu7t5v0__clkinv_12 is a placeholder, treated as a black box.

Subcircuit pins:
Circuit 1: gf180mcu_fd_sc_mcu7t5v0__clkinv |Circuit 2: gf180mcu_fd_sc_mcu7t5v0__clkinv 
-------------------------------------------|-------------------------------------------
VDD                                        |VDD                                        
VSS                                        |VSS                                        
I                                          |I                                          
VNW                                        |VNW                                        
VPW                                        |VPW                                        
ZN                                         |(no matching pin)                          
---------------------------------------------------------------------------------------
Cell pin lists are equivalent.
Device classes gf180mcu_fd_sc_mcu7t5v0__clkinv_12 and gf180mcu_fd_sc_mcu7t5v0__clkinv_12 are equivalent.

Circuit 2 cell gf180mcu_fd_sc_mcu7t5v0__inv_20 is a black box; will not flatten Circuit 1
Class gf180mcu_fd_sc_mcu7t5v0__inv_20 (0):  Merged 38 parallel devices.
Warning: Equate pins:  cell gf180mcu_fd_sc_mcu7t5v0__inv_20 is a placeholder, treated as a black box.

Subcircuit pins:
Circuit 1: gf180mcu_fd_sc_mcu7t5v0__inv_20 |Circuit 2: gf180mcu_fd_sc_mcu7t5v0__inv_20 
-------------------------------------------|-------------------------------------------
VSS                                        |VSS                                        
I                                          |I                                          
VDD                                        |VDD                                        
VNW                                        |VNW                                        
VPW                                        |VPW                                        
ZN                                         |(no matching pin)                          
---------------------------------------------------------------------------------------
Cell pin lists are equivalent.
Device classes gf180mcu_fd_sc_mcu7t5v0__inv_20 and gf180mcu_fd_sc_mcu7t5v0__inv_20 are equivalent.

Circuit 2 cell gf180mcu_fd_sc_mcu7t5v0__nor2_4 is a black box; will not flatten Circuit 1
Class gf180mcu_fd_sc_mcu7t5v0__nor2_4 (0):  Merged 6 parallel devices.
Warning: Equate pins:  cell gf180mcu_fd_sc_mcu7t5v0__nor2_4 is a placeholder, treated as a black box.

Subcircuit pins:
Circuit 1: gf180mcu_fd_sc_mcu7t5v0__nor2_4 |Circuit 2: gf180mcu_fd_sc_mcu7t5v0__nor2_4 
-------------------------------------------|-------------------------------------------
VDD                                        |VDD                                        
VSS                                        |VSS                                        
ZN                                         |ZN                                         
A1                                         |A1                                         
A2                                         |A2                                         
VNW                                        |VNW                                        
VPW                                        |VPW                                        
---------------------------------------------------------------------------------------
Cell pin lists are equivalent.
Device classes gf180mcu_fd_sc_mcu7t5v0__nor2_4 and gf180mcu_fd_sc_mcu7t5v0__nor2_4 are equivalent.

Circuit 2 cell gf180mcu_fd_sc_mcu7t5v0__nor4_2 is a black box; will not flatten Circuit 1
Class gf180mcu_fd_sc_mcu7t5v0__nor4_2 (0):  Merged 4 parallel devices.
Warning: Equate pins:  cell gf180mcu_fd_sc_mcu7t5v0__nor4_2 is a placeholder, treated as a black box.

Subcircuit pins:
Circuit 1: gf180mcu_fd_sc_mcu7t5v0__nor4_2 |Circuit 2: gf180mcu_fd_sc_mcu7t5v0__nor4_2 
-------------------------------------------|-------------------------------------------
A3                                         |A3                                         
A4                                         |A4                                         
VDD                                        |VDD                                        
VSS                                        |VSS                                        
ZN                                         |ZN                                         
A1                                         |A1                                         
A2                                         |A2                                         
VNW                                        |VNW                                        
VPW                                        |VPW                                        
---------------------------------------------------------------------------------------
Cell pin lists are equivalent.
Device classes gf180mcu_fd_sc_mcu7t5v0__nor4_2 and gf180mcu_fd_sc_mcu7t5v0__nor4_2 are equivalent.

Circuit 2 cell gf180mcu_fd_sc_mcu7t5v0__nor2_2 is a black box; will not flatten Circuit 1
Class gf180mcu_fd_sc_mcu7t5v0__nor2_2 (0):  Merged 2 parallel devices.
Warning: Equate pins:  cell gf180mcu_fd_sc_mcu7t5v0__nor2_2 is a placeholder, treated as a black box.

Subcircuit pins:
Circuit 1: gf180mcu_fd_sc_mcu7t5v0__nor2_2 |Circuit 2: gf180mcu_fd_sc_mcu7t5v0__nor2_2 
-------------------------------------------|-------------------------------------------
VDD                                        |VDD                                        
VSS                                        |VSS                                        
ZN                                         |ZN                                         
A1                                         |A1                                         
A2                                         |A2                                         
VNW                                        |VNW                                        
VPW                                        |VPW                                        
---------------------------------------------------------------------------------------
Cell pin lists are equivalent.
Device classes gf180mcu_fd_sc_mcu7t5v0__nor2_2 and gf180mcu_fd_sc_mcu7t5v0__nor2_2 are equivalent.

Circuit 2 cell gf180mcu_fd_sc_mcu7t5v0__aoi222_1 is a black box; will not flatten Circuit 1
Warning: Equate pins:  cell gf180mcu_fd_sc_mcu7t5v0__aoi222_1 is a placeholder, treated as a black box.

Subcircuit pins:
Circuit 1: gf180mcu_fd_sc_mcu7t5v0__aoi222 |Circuit 2: gf180mcu_fd_sc_mcu7t5v0__aoi222 
-------------------------------------------|-------------------------------------------
VSS                                        |VSS                                        
VDD                                        |VDD                                        
C2                                         |C2                                         
C1                                         |C1                                         
B2                                         |B2                                         
B1                                         |B1                                         
A2                                         |A2                                         
A1                                         |A1                                         
ZN                                         |ZN                                         
VNW                                        |VNW                                        
VPW                                        |VPW                                        
---------------------------------------------------------------------------------------
Cell pin lists are equivalent.
Device classes gf180mcu_fd_sc_mcu7t5v0__aoi222_1 and gf180mcu_fd_sc_mcu7t5v0__aoi222_1 are equivalent.

Circuit 2 cell gf180mcu_fd_sc_mcu7t5v0__clkinv_8 is a black box; will not flatten Circuit 1
Class gf180mcu_fd_sc_mcu7t5v0__clkinv_8 (0):  Merged 14 parallel devices.
Warning: Equate pins:  cell gf180mcu_fd_sc_mcu7t5v0__clkinv_8 is a placeholder, treated as a black box.

Subcircuit pins:
Circuit 1: gf180mcu_fd_sc_mcu7t5v0__clkinv |Circuit 2: gf180mcu_fd_sc_mcu7t5v0__clkinv 
-------------------------------------------|-------------------------------------------
VDD                                        |VDD                                        
VSS                                        |VSS                                        
I                                          |I                                          
VNW                                        |VNW                                        
VPW                                        |VPW                                        
ZN                                         |(no matching pin)                          
---------------------------------------------------------------------------------------
Cell pin lists are equivalent.
Device classes gf180mcu_fd_sc_mcu7t5v0__clkinv_8 and gf180mcu_fd_sc_mcu7t5v0__clkinv_8 are equivalent.

Circuit 2 cell gf180mcu_fd_sc_mcu7t5v0__clkinv_2 is a black box; will not flatten Circuit 1
Class gf180mcu_fd_sc_mcu7t5v0__clkinv_2 (0):  Merged 2 parallel devices.
Warning: Equate pins:  cell gf180mcu_fd_sc_mcu7t5v0__clkinv_2 is a placeholder, treated as a black box.

Subcircuit pins:
Circuit 1: gf180mcu_fd_sc_mcu7t5v0__clkinv |Circuit 2: gf180mcu_fd_sc_mcu7t5v0__clkinv 
-------------------------------------------|-------------------------------------------
VDD                                        |VDD                                        
VSS                                        |VSS                                        
I                                          |I                                          
ZN                                         |ZN                                         
VNW                                        |VNW                                        
VPW                                        |VPW                                        
---------------------------------------------------------------------------------------
Cell pin lists are equivalent.
Device classes gf180mcu_fd_sc_mcu7t5v0__clkinv_2 and gf180mcu_fd_sc_mcu7t5v0__clkinv_2 are equivalent.

Circuit 2 cell gf180mcu_fd_sc_mcu7t5v0__tieh is a black box; will not flatten Circuit 1
Warning: Equate pins:  cell gf180mcu_fd_sc_mcu7t5v0__tieh is a placeholder, treated as a black box.

Subcircuit pins:
Circuit 1: gf180mcu_fd_sc_mcu7t5v0__tieh   |Circuit 2: gf180mcu_fd_sc_mcu7t5v0__tieh   
-------------------------------------------|-------------------------------------------
Z                                          |Z                                          
VDD                                        |VDD                                        
VSS                                        |VSS                                        
VNW                                        |VNW                                        
VPW                                        |VPW                                        
---------------------------------------------------------------------------------------
Cell pin lists are equivalent.
Device classes gf180mcu_fd_sc_mcu7t5v0__tieh and gf180mcu_fd_sc_mcu7t5v0__tieh are equivalent.

Circuit 2 cell gf180mcu_fd_sc_mcu7t5v0__inv_8 is a black box; will not flatten Circuit 1
Class gf180mcu_fd_sc_mcu7t5v0__inv_8 (0):  Merged 14 parallel devices.
Warning: Equate pins:  cell gf180mcu_fd_sc_mcu7t5v0__inv_8 is a placeholder, treated as a black box.

Subcircuit pins:
Circuit 1: gf180mcu_fd_sc_mcu7t5v0__inv_8  |Circuit 2: gf180mcu_fd_sc_mcu7t5v0__inv_8  
-------------------------------------------|-------------------------------------------
VSS                                        |VSS                                        
I                                          |I                                          
VDD                                        |VDD                                        
VNW                                        |VNW                                        
VPW                                        |VPW                                        
ZN                                         |(no matching pin)                          
---------------------------------------------------------------------------------------
Cell pin lists are equivalent.
Device classes gf180mcu_fd_sc_mcu7t5v0__inv_8 and gf180mcu_fd_sc_mcu7t5v0__inv_8 are equivalent.

Circuit 2 cell gf180mcu_fd_sc_mcu7t5v0__clkinv_3 is a black box; will not flatten Circuit 1
Class gf180mcu_fd_sc_mcu7t5v0__clkinv_3 (0):  Merged 4 parallel devices.
Warning: Equate pins:  cell gf180mcu_fd_sc_mcu7t5v0__clkinv_3 is a placeholder, treated as a black box.

Subcircuit pins:
Circuit 1: gf180mcu_fd_sc_mcu7t5v0__clkinv |Circuit 2: gf180mcu_fd_sc_mcu7t5v0__clkinv 
-------------------------------------------|-------------------------------------------
VDD                                        |VDD                                        
I                                          |I                                          
VSS                                        |VSS                                        
VNW                                        |VNW                                        
VPW                                        |VPW                                        
ZN                                         |(no matching pin)                          
---------------------------------------------------------------------------------------
Cell pin lists are equivalent.
Device classes gf180mcu_fd_sc_mcu7t5v0__clkinv_3 and gf180mcu_fd_sc_mcu7t5v0__clkinv_3 are equivalent.

Circuit 2 cell gf180mcu_fd_sc_mcu7t5v0__oai222_1 is a black box; will not flatten Circuit 1
Warning: Equate pins:  cell gf180mcu_fd_sc_mcu7t5v0__oai222_1 is a placeholder, treated as a black box.

Subcircuit pins:
Circuit 1: gf180mcu_fd_sc_mcu7t5v0__oai222 |Circuit 2: gf180mcu_fd_sc_mcu7t5v0__oai222 
-------------------------------------------|-------------------------------------------
B1                                         |B1                                         
B2                                         |B2                                         
C1                                         |C1                                         
C2                                         |C2                                         
VDD                                        |VDD                                        
VSS                                        |VSS                                        
ZN                                         |ZN                                         
A1                                         |A1                                         
A2                                         |A2                                         
VNW                                        |VNW                                        
VPW                                        |VPW                                        
---------------------------------------------------------------------------------------
Cell pin lists are equivalent.
Device classes gf180mcu_fd_sc_mcu7t5v0__oai222_1 and gf180mcu_fd_sc_mcu7t5v0__oai222_1 are equivalent.

Circuit 2 cell gf180mcu_fd_sc_mcu7t5v0__inv_1 is a black box; will not flatten Circuit 1
Warning: Equate pins:  cell gf180mcu_fd_sc_mcu7t5v0__inv_1 is a placeholder, treated as a black box.

Subcircuit pins:
Circuit 1: gf180mcu_fd_sc_mcu7t5v0__inv_1  |Circuit 2: gf180mcu_fd_sc_mcu7t5v0__inv_1  
-------------------------------------------|-------------------------------------------
VSS                                        |VSS                                        
ZN                                         |ZN                                         
I                                          |I                                          
VDD                                        |VDD                                        
VNW                                        |VNW                                        
VPW                                        |VPW                                        
---------------------------------------------------------------------------------------
Cell pin lists are equivalent.
Device classes gf180mcu_fd_sc_mcu7t5v0__inv_1 and gf180mcu_fd_sc_mcu7t5v0__inv_1 are equivalent.

Circuit 2 cell gf180mcu_fd_sc_mcu7t5v0__buf_2 is a black box; will not flatten Circuit 1
Class gf180mcu_fd_sc_mcu7t5v0__buf_2 (0):  Merged 2 parallel devices.
Warning: Equate pins:  cell gf180mcu_fd_sc_mcu7t5v0__buf_2 is a placeholder, treated as a black box.

Subcircuit pins:
Circuit 1: gf180mcu_fd_sc_mcu7t5v0__buf_2  |Circuit 2: gf180mcu_fd_sc_mcu7t5v0__buf_2  
-------------------------------------------|-------------------------------------------
VSS                                        |VSS                                        
Z                                          |Z                                          
I                                          |I                                          
VDD                                        |VDD                                        
VNW                                        |VNW                                        
VPW                                        |VPW                                        
---------------------------------------------------------------------------------------
Cell pin lists are equivalent.
Device classes gf180mcu_fd_sc_mcu7t5v0__buf_2 and gf180mcu_fd_sc_mcu7t5v0__buf_2 are equivalent.

Circuit 2 cell gf180mcu_fd_sc_mcu7t5v0__or3_2 is a black box; will not flatten Circuit 1
Class gf180mcu_fd_sc_mcu7t5v0__or3_2 (0):  Merged 2 parallel devices.
Warning: Equate pins:  cell gf180mcu_fd_sc_mcu7t5v0__or3_2 is a placeholder, treated as a black box.

Subcircuit pins:
Circuit 1: gf180mcu_fd_sc_mcu7t5v0__or3_2  |Circuit 2: gf180mcu_fd_sc_mcu7t5v0__or3_2  
-------------------------------------------|-------------------------------------------
A3                                         |A3                                         
VDD                                        |VDD                                        
VSS                                        |VSS                                        
Z                                          |Z                                          
A1                                         |A1                                         
A2                                         |A2                                         
VNW                                        |VNW                                        
VPW                                        |VPW                                        
---------------------------------------------------------------------------------------
Cell pin lists are equivalent.
Device classes gf180mcu_fd_sc_mcu7t5v0__or3_2 and gf180mcu_fd_sc_mcu7t5v0__or3_2 are equivalent.

Circuit 2 cell gf180mcu_fd_sc_mcu7t5v0__nand3_2 is a black box; will not flatten Circuit 1
Class gf180mcu_fd_sc_mcu7t5v0__nand3_2 (0):  Merged 3 parallel devices.
Warning: Equate pins:  cell gf180mcu_fd_sc_mcu7t5v0__nand3_2 is a placeholder, treated as a black box.

Subcircuit pins:
Circuit 1: gf180mcu_fd_sc_mcu7t5v0__nand3_ |Circuit 2: gf180mcu_fd_sc_mcu7t5v0__nand3_ 
-------------------------------------------|-------------------------------------------
A3                                         |A3                                         
VDD                                        |VDD                                        
VSS                                        |VSS                                        
ZN                                         |ZN                                         
A1                                         |A1                                         
A2                                         |A2                                         
VNW                                        |VNW                                        
VPW                                        |VPW                                        
---------------------------------------------------------------------------------------
Cell pin lists are equivalent.
Device classes gf180mcu_fd_sc_mcu7t5v0__nand3_2 and gf180mcu_fd_sc_mcu7t5v0__nand3_2 are equivalent.

Circuit 2 cell gf180mcu_fd_sc_mcu7t5v0__nor3_2 is a black box; will not flatten Circuit 1
Class gf180mcu_fd_sc_mcu7t5v0__nor3_2 (0):  Merged 3 parallel devices.
Warning: Equate pins:  cell gf180mcu_fd_sc_mcu7t5v0__nor3_2 is a placeholder, treated as a black box.

Subcircuit pins:
Circuit 1: gf180mcu_fd_sc_mcu7t5v0__nor3_2 |Circuit 2: gf180mcu_fd_sc_mcu7t5v0__nor3_2 
-------------------------------------------|-------------------------------------------
A3                                         |A3                                         
VDD                                        |VDD                                        
VSS                                        |VSS                                        
ZN                                         |ZN                                         
A1                                         |A1                                         
A2                                         |A2                                         
VNW                                        |VNW                                        
VPW                                        |VPW                                        
---------------------------------------------------------------------------------------
Cell pin lists are equivalent.
Device classes gf180mcu_fd_sc_mcu7t5v0__nor3_2 and gf180mcu_fd_sc_mcu7t5v0__nor3_2 are equivalent.

Circuit 2 cell gf180mcu_fd_sc_mcu7t5v0__oai33_1 is a black box; will not flatten Circuit 1
Warning: Equate pins:  cell gf180mcu_fd_sc_mcu7t5v0__oai33_1 is a placeholder, treated as a black box.

Subcircuit pins:
Circuit 1: gf180mcu_fd_sc_mcu7t5v0__oai33_ |Circuit 2: gf180mcu_fd_sc_mcu7t5v0__oai33_ 
-------------------------------------------|-------------------------------------------
A3                                         |A3                                         
B1                                         |B1                                         
B2                                         |B2                                         
B3                                         |B3                                         
VDD                                        |VDD                                        
VSS                                        |VSS                                        
ZN                                         |ZN                                         
A1                                         |A1                                         
A2                                         |A2                                         
VNW                                        |VNW                                        
VPW                                        |VPW                                        
---------------------------------------------------------------------------------------
Cell pin lists are equivalent.
Device classes gf180mcu_fd_sc_mcu7t5v0__oai33_1 and gf180mcu_fd_sc_mcu7t5v0__oai33_1 are equivalent.

Circuit 2 cell gf180mcu_fd_ip_sram__sram64x8m8wm1 is a black box; will not flatten Circuit 1
Warning: Equate pins:  cell gf180mcu_fd_ip_sram__sram64x8m8wm1 is a placeholder, treated as a black box.

Subcircuit pins:
Circuit 1: gf180mcu_fd_ip_sram__sram64x8m8 |Circuit 2: gf180mcu_fd_ip_sram__sram64x8m8 
-------------------------------------------|-------------------------------------------
CLK                                        |CLK                                        
D[0]                                       |D[0]                                       
A[2]                                       |A[2]                                       
A[1]                                       |A[1]                                       
Q[2]                                       |Q[2]                                       
Q[3]                                       |Q[3]                                       
CEN                                        |CEN                                        
A[5]                                       |A[5]                                       
A[4]                                       |A[4]                                       
WEN[3]                                     |WEN[3]                                     
D[7]                                       |D[7]                                       
Q[7]                                       |Q[7]                                       
D[3]                                       |D[3]                                       
D[1]                                       |D[1]                                       
D[2]                                       |D[2]                                       
A[3]                                       |A[3]                                       
Q[1]                                       |Q[1]                                       
Q[6]                                       |Q[6]                                       
D[5]                                       |D[5]                                       
Q[4]                                       |Q[4]                                       
WEN[5]                                     |WEN[5]                                     
WEN[2]                                     |WEN[2]                                     
WEN[1]                                     |WEN[1]                                     
WEN[4]                                     |WEN[4]                                     
WEN[7]                                     |WEN[7]                                     
WEN[6]                                     |WEN[6]                                     
D[4]                                       |D[4]                                       
D[6]                                       |D[6]                                       
Q[5]                                       |Q[5]                                       
Q[0]                                       |Q[0]                                       
GWEN                                       |GWEN                                       
WEN[0]                                     |WEN[0]                                     
A[0]                                       |A[0]                                       
VSS                                        |VSS                                        
VDD                                        |VDD                                        
---------------------------------------------------------------------------------------
Cell pin lists are equivalent.
Device classes gf180mcu_fd_ip_sram__sram64x8m8wm1 and gf180mcu_fd_ip_sram__sram64x8m8wm1 are equivalent.

Circuit 2 cell gf180mcu_fd_sc_mcu7t5v0__inv_12 is a black box; will not flatten Circuit 1
Class gf180mcu_fd_sc_mcu7t5v0__inv_12 (0):  Merged 22 parallel devices.
Warning: Equate pins:  cell gf180mcu_fd_sc_mcu7t5v0__inv_12 is a placeholder, treated as a black box.

Subcircuit pins:
Circuit 1: gf180mcu_fd_sc_mcu7t5v0__inv_12 |Circuit 2: gf180mcu_fd_sc_mcu7t5v0__inv_12 
-------------------------------------------|-------------------------------------------
VSS                                        |VSS                                        
I                                          |I                                          
VDD                                        |VDD                                        
VNW                                        |VNW                                        
VPW                                        |VPW                                        
ZN                                         |(no matching pin)                          
---------------------------------------------------------------------------------------
Cell pin lists are equivalent.
Device classes gf180mcu_fd_sc_mcu7t5v0__inv_12 and gf180mcu_fd_sc_mcu7t5v0__inv_12 are equivalent.

Circuit 2 cell gf180mcu_fd_sc_mcu7t5v0__clkbuf_20 is a black box; will not flatten Circuit 1
Class gf180mcu_fd_sc_mcu7t5v0__clkbuf_20 (0):  Merged 54 parallel devices.
Warning: Equate pins:  cell gf180mcu_fd_sc_mcu7t5v0__clkbuf_20 is a placeholder, treated as a black box.

Subcircuit pins:
Circuit 1: gf180mcu_fd_sc_mcu7t5v0__clkbuf |Circuit 2: gf180mcu_fd_sc_mcu7t5v0__clkbuf 
-------------------------------------------|-------------------------------------------
VDD                                        |VDD                                        
VSS                                        |VSS                                        
Z                                          |Z                                          
I                                          |I                                          
VNW                                        |VNW                                        
VPW                                        |VPW                                        
---------------------------------------------------------------------------------------
Cell pin lists are equivalent.
Device classes gf180mcu_fd_sc_mcu7t5v0__clkbuf_20 and gf180mcu_fd_sc_mcu7t5v0__clkbuf_20 are equivalent.

Circuit 2 cell gf180mcu_fd_sc_mcu7t5v0__oai21_2 is a black box; will not flatten Circuit 1
Class gf180mcu_fd_sc_mcu7t5v0__oai21_2 (0):  Merged 4 parallel devices.
Warning: Equate pins:  cell gf180mcu_fd_sc_mcu7t5v0__oai21_2 is a placeholder, treated as a black box.

Subcircuit pins:
Circuit 1: gf180mcu_fd_sc_mcu7t5v0__oai21_ |Circuit 2: gf180mcu_fd_sc_mcu7t5v0__oai21_ 
-------------------------------------------|-------------------------------------------
A2                                         |A2                                         
ZN                                         |ZN                                         
A1                                         |A1                                         
VSS                                        |VSS                                        
B                                          |B                                          
VDD                                        |VDD                                        
VNW                                        |VNW                                        
VPW                                        |VPW                                        
---------------------------------------------------------------------------------------
Cell pin lists are equivalent.
Device classes gf180mcu_fd_sc_mcu7t5v0__oai21_2 and gf180mcu_fd_sc_mcu7t5v0__oai21_2 are equivalent.

Circuit 2 cell gf180mcu_fd_sc_mcu7t5v0__buf_20 is a black box; will not flatten Circuit 1
Class gf180mcu_fd_sc_mcu7t5v0__buf_20 (0):  Merged 56 parallel devices.
Warning: Equate pins:  cell gf180mcu_fd_sc_mcu7t5v0__buf_20 is a placeholder, treated as a black box.

Subcircuit pins:
Circuit 1: gf180mcu_fd_sc_mcu7t5v0__buf_20 |Circuit 2: gf180mcu_fd_sc_mcu7t5v0__buf_20 
-------------------------------------------|-------------------------------------------
VDD                                        |VDD                                        
VSS                                        |VSS                                        
Z                                          |Z                                          
I                                          |I                                          
VNW                                        |VNW                                        
VPW                                        |VPW                                        
---------------------------------------------------------------------------------------
Cell pin lists are equivalent.
Device classes gf180mcu_fd_sc_mcu7t5v0__buf_20 and gf180mcu_fd_sc_mcu7t5v0__buf_20 are equivalent.

Circuit 2 cell gf180mcu_fd_sc_mcu7t5v0__dffnrnq_1 is a black box; will not flatten Circuit 1
Warning: Equate pins:  cell gf180mcu_fd_sc_mcu7t5v0__dffnrnq_1 is a placeholder, treated as a black box.

Subcircuit pins:
Circuit 1: gf180mcu_fd_sc_mcu7t5v0__dffnrn |Circuit 2: gf180mcu_fd_sc_mcu7t5v0__dffnrn 
-------------------------------------------|-------------------------------------------
D                                          |D                                          
VSS                                        |VSS                                        
CLKN                                       |CLKN                                       
RN                                         |RN                                         
Q                                          |Q                                          
VDD                                        |VDD                                        
VNW                                        |VNW                                        
VPW                                        |VPW                                        
---------------------------------------------------------------------------------------
Cell pin lists are equivalent.
Device classes gf180mcu_fd_sc_mcu7t5v0__dffnrnq_1 and gf180mcu_fd_sc_mcu7t5v0__dffnrnq_1 are equivalent.

Circuit 2 cell gf180mcu_fd_sc_mcu7t5v0__oai32_4 is a black box; will not flatten Circuit 1
Class gf180mcu_fd_sc_mcu7t5v0__oai32_4 (0):  Merged 17 parallel devices.
Warning: Equate pins:  cell gf180mcu_fd_sc_mcu7t5v0__oai32_4 is a placeholder, treated as a black box.

Subcircuit pins:
Circuit 1: gf180mcu_fd_sc_mcu7t5v0__oai32_ |Circuit 2: gf180mcu_fd_sc_mcu7t5v0__oai32_ 
-------------------------------------------|-------------------------------------------
A3                                         |A3                                         
B1                                         |B1                                         
B2                                         |B2                                         
VDD                                        |VDD                                        
VSS                                        |VSS                                        
ZN                                         |ZN                                         
A1                                         |A1                                         
A2                                         |A2                                         
VNW                                        |VNW                                        
VPW                                        |VPW                                        
---------------------------------------------------------------------------------------
Cell pin lists are equivalent.
Device classes gf180mcu_fd_sc_mcu7t5v0__oai32_4 and gf180mcu_fd_sc_mcu7t5v0__oai32_4 are equivalent.

Circuit 2 cell gf180mcu_fd_sc_mcu7t5v0__aoi22_2 is a black box; will not flatten Circuit 1
Class gf180mcu_fd_sc_mcu7t5v0__aoi22_2 (0):  Merged 4 parallel devices.
Warning: Equate pins:  cell gf180mcu_fd_sc_mcu7t5v0__aoi22_2 is a placeholder, treated as a black box.

Subcircuit pins:
Circuit 1: gf180mcu_fd_sc_mcu7t5v0__aoi22_ |Circuit 2: gf180mcu_fd_sc_mcu7t5v0__aoi22_ 
-------------------------------------------|-------------------------------------------
B1                                         |B1                                         
B2                                         |B2                                         
VDD                                        |VDD                                        
VSS                                        |VSS                                        
ZN                                         |ZN                                         
A1                                         |A1                                         
A2                                         |A2                                         
VNW                                        |VNW                                        
VPW                                        |VPW                                        
---------------------------------------------------------------------------------------
Cell pin lists are equivalent.
Device classes gf180mcu_fd_sc_mcu7t5v0__aoi22_2 and gf180mcu_fd_sc_mcu7t5v0__aoi22_2 are equivalent.

Circuit 2 cell gf180mcu_fd_ip_sram__sram256x8m8wm1 is a black box; will not flatten Circuit 1
Warning: Equate pins:  cell gf180mcu_fd_ip_sram__sram256x8m8wm1 is a placeholder, treated as a black box.

Subcircuit pins:
Circuit 1: gf180mcu_fd_ip_sram__sram256x8m |Circuit 2: gf180mcu_fd_ip_sram__sram256x8m 
-------------------------------------------|-------------------------------------------
CLK                                        |CLK                                        
D[0]                                       |D[0]                                       
A[7]                                       |A[7]                                       
A[2]                                       |A[2]                                       
A[1]                                       |A[1]                                       
A[0]                                       |A[0]                                       
Q[2]                                       |Q[2]                                       
Q[3]                                       |Q[3]                                       
CEN                                        |CEN                                        
A[5]                                       |A[5]                                       
A[6]                                       |A[6]                                       
A[4]                                       |A[4]                                       
WEN[3]                                     |WEN[3]                                     
D[3]                                       |D[3]                                       
D[1]                                       |D[1]                                       
D[2]                                       |D[2]                                       
A[3]                                       |A[3]                                       
Q[1]                                       |Q[1]                                       
Q[6]                                       |Q[6]                                       
D[5]                                       |D[5]                                       
Q[4]                                       |Q[4]                                       
WEN[5]                                     |WEN[5]                                     
WEN[2]                                     |WEN[2]                                     
WEN[1]                                     |WEN[1]                                     
WEN[4]                                     |WEN[4]                                     
WEN[7]                                     |WEN[7]                                     
WEN[6]                                     |WEN[6]                                     
D[6]                                       |D[6]                                       
Q[5]                                       |Q[5]                                       
Q[0]                                       |Q[0]                                       
GWEN                                       |GWEN                                       
WEN[0]                                     |WEN[0]                                     
D[4]                                       |D[4]                                       
D[7]                                       |D[7]                                       
Q[7]                                       |Q[7]                                       
VSS                                        |VSS                                        
VDD                                        |VDD                                        
---------------------------------------------------------------------------------------
Cell pin lists are equivalent.
Device classes gf180mcu_fd_ip_sram__sram256x8m8wm1 and gf180mcu_fd_ip_sram__sram256x8m8wm1 are equivalent.

Circuit 2 cell gf180mcu_fd_sc_mcu7t5v0__clkbuf_12 is a black box; will not flatten Circuit 1
Class gf180mcu_fd_sc_mcu7t5v0__clkbuf_12 (0):  Merged 31 parallel devices.
Warning: Equate pins:  cell gf180mcu_fd_sc_mcu7t5v0__clkbuf_12 is a placeholder, treated as a black box.

Subcircuit pins:
Circuit 1: gf180mcu_fd_sc_mcu7t5v0__clkbuf |Circuit 2: gf180mcu_fd_sc_mcu7t5v0__clkbuf 
-------------------------------------------|-------------------------------------------
VDD                                        |VDD                                        
VSS                                        |VSS                                        
Z                                          |Z                                          
I                                          |I                                          
VNW                                        |VNW                                        
VPW                                        |VPW                                        
---------------------------------------------------------------------------------------
Cell pin lists are equivalent.
Device classes gf180mcu_fd_sc_mcu7t5v0__clkbuf_12 and gf180mcu_fd_sc_mcu7t5v0__clkbuf_12 are equivalent.

Circuit 2 cell gf180mcu_fd_sc_mcu7t5v0__or2_2 is a black box; will not flatten Circuit 1
Class gf180mcu_fd_sc_mcu7t5v0__or2_2 (0):  Merged 2 parallel devices.
Warning: Equate pins:  cell gf180mcu_fd_sc_mcu7t5v0__or2_2 is a placeholder, treated as a black box.

Subcircuit pins:
Circuit 1: gf180mcu_fd_sc_mcu7t5v0__or2_2  |Circuit 2: gf180mcu_fd_sc_mcu7t5v0__or2_2  
-------------------------------------------|-------------------------------------------
VDD                                        |VDD                                        
VSS                                        |VSS                                        
Z                                          |Z                                          
A1                                         |A1                                         
A2                                         |A2                                         
VNW                                        |VNW                                        
VPW                                        |VPW                                        
---------------------------------------------------------------------------------------
Cell pin lists are equivalent.
Device classes gf180mcu_fd_sc_mcu7t5v0__or2_2 and gf180mcu_fd_sc_mcu7t5v0__or2_2 are equivalent.

Class chip_top_full (0):  Merged 16743 parallel devices.
Class chip_top_full (1):  Merged 16743 parallel devices.
Subcircuit summary:
Circuit 1: chip_top_full                   |Circuit 2: chip_top_full                   
-------------------------------------------|-------------------------------------------
gf180mcu_fd_sc_mcu7t5v0__fillcap_8 (1332-> |gf180mcu_fd_sc_mcu7t5v0__fillcap_8 (1332-> 
gf180mcu_fd_sc_mcu7t5v0__antenna (10967->9 |gf180mcu_fd_sc_mcu7t5v0__antenna (10967->9 
gf180mcu_fd_sc_mcu7t5v0__fillcap_4 (4958-> |gf180mcu_fd_sc_mcu7t5v0__fillcap_4 (4958-> 
gf180mcu_fd_sc_mcu7t5v0__clkinv_1 (535)    |gf180mcu_fd_sc_mcu7t5v0__clkinv_1 (535)    
gf180mcu_fd_sc_mcu7t5v0__nand4_1 (49)      |gf180mcu_fd_sc_mcu7t5v0__nand4_1 (49)      
gf180mcu_fd_sc_mcu7t5v0__dffq_1 (1946)     |gf180mcu_fd_sc_mcu7t5v0__dffq_1 (1946)     
gf180mcu_fd_sc_mcu7t5v0__fillcap_16 (386-> |gf180mcu_fd_sc_mcu7t5v0__fillcap_16 (386-> 
gf180mcu_fd_sc_mcu7t5v0__dlyc_1 (303)      |gf180mcu_fd_sc_mcu7t5v0__dlyc_1 (303)      
gf180mcu_fd_sc_mcu7t5v0__dffq_2 (5)        |gf180mcu_fd_sc_mcu7t5v0__dffq_2 (5)        
gf180mcu_fd_sc_mcu7t5v0__nand2_1 (2630)    |gf180mcu_fd_sc_mcu7t5v0__nand2_1 (2630)    
gf180mcu_fd_sc_mcu7t5v0__mux2_2 (357)      |gf180mcu_fd_sc_mcu7t5v0__mux2_2 (357)      
gf180mcu_fd_sc_mcu7t5v0__and2_1 (148)      |gf180mcu_fd_sc_mcu7t5v0__and2_1 (148)      
gf180mcu_fd_sc_mcu7t5v0__aoi21_1 (522)     |gf180mcu_fd_sc_mcu7t5v0__aoi21_1 (522)     
gf180mcu_fd_sc_mcu7t5v0__oai21_1 (1897)    |gf180mcu_fd_sc_mcu7t5v0__oai21_1 (1897)    
gf180mcu_fd_sc_mcu7t5v0__nor2_1 (666)      |gf180mcu_fd_sc_mcu7t5v0__nor2_1 (666)      
gf180mcu_fd_sc_mcu7t5v0__or2_1 (126)       |gf180mcu_fd_sc_mcu7t5v0__or2_1 (126)       
gf180mcu_fd_sc_mcu7t5v0__aoi22_1 (466)     |gf180mcu_fd_sc_mcu7t5v0__aoi22_1 (466)     
gf180mcu_fd_sc_mcu7t5v0__dffrnq_1 (365)    |gf180mcu_fd_sc_mcu7t5v0__dffrnq_1 (365)    
gf180mcu_fd_sc_mcu7t5v0__xor2_1 (301)      |gf180mcu_fd_sc_mcu7t5v0__xor2_1 (301)      
gf180mcu_fd_sc_mcu7t5v0__oai211_1 (206)    |gf180mcu_fd_sc_mcu7t5v0__oai211_1 (206)    
gf180mcu_fd_sc_mcu7t5v0__mux4_1 (580)      |gf180mcu_fd_sc_mcu7t5v0__mux4_1 (580)      
gf180mcu_fd_sc_mcu7t5v0__buf_1 (32)        |gf180mcu_fd_sc_mcu7t5v0__buf_1 (32)        
gf180mcu_fd_sc_mcu7t5v0__clkbuf_8 (175)    |gf180mcu_fd_sc_mcu7t5v0__clkbuf_8 (175)    
gf180mcu_fd_sc_mcu7t5v0__and3_1 (61)       |gf180mcu_fd_sc_mcu7t5v0__and3_1 (61)       
gf180mcu_fd_sc_mcu7t5v0__clkbuf_16 (50)    |gf180mcu_fd_sc_mcu7t5v0__clkbuf_16 (50)    
gf180mcu_fd_sc_mcu7t5v0__fillcap_32 (63->1 |gf180mcu_fd_sc_mcu7t5v0__fillcap_32 (63->1 
gf180mcu_fd_sc_mcu7t5v0__buf_4 (187)       |gf180mcu_fd_sc_mcu7t5v0__buf_4 (187)       
gf180mcu_fd_sc_mcu7t5v0__nand3_1 (229)     |gf180mcu_fd_sc_mcu7t5v0__nand3_1 (229)     
gf180mcu_fd_sc_mcu7t5v0__buf_16 (8)        |gf180mcu_fd_sc_mcu7t5v0__buf_16 (8)        
gf180mcu_fd_sc_mcu7t5v0__buf_12 (52)       |gf180mcu_fd_sc_mcu7t5v0__buf_12 (52)       
gf180mcu_fd_sc_mcu7t5v0__oai221_1 (90)     |gf180mcu_fd_sc_mcu7t5v0__oai221_1 (90)     
gf180mcu_fd_sc_mcu7t5v0__aoi211_1 (84)     |gf180mcu_fd_sc_mcu7t5v0__aoi211_1 (84)     
gf180mcu_fd_sc_mcu7t5v0__nor4_1 (44)       |gf180mcu_fd_sc_mcu7t5v0__nor4_1 (44)       
gf180mcu_fd_sc_mcu7t5v0__clkbuf_2 (44)     |gf180mcu_fd_sc_mcu7t5v0__clkbuf_2 (44)     
gf180mcu_fd_sc_mcu7t5v0__buf_8 (98)        |gf180mcu_fd_sc_mcu7t5v0__buf_8 (98)        
gf180mcu_fd_sc_mcu7t5v0__oai32_1 (35)      |gf180mcu_fd_sc_mcu7t5v0__oai32_1 (35)      
gf180mcu_fd_sc_mcu7t5v0__aoi221_1 (103)    |gf180mcu_fd_sc_mcu7t5v0__aoi221_1 (103)    
gf180mcu_fd_sc_mcu7t5v0__oai31_1 (82)      |gf180mcu_fd_sc_mcu7t5v0__oai31_1 (82)      
gf180mcu_fd_sc_mcu7t5v0__nor3_1 (85)       |gf180mcu_fd_sc_mcu7t5v0__nor3_1 (85)       
gf180mcu_fd_sc_mcu7t5v0__xor3_1 (17)       |gf180mcu_fd_sc_mcu7t5v0__xor3_1 (17)       
gf180mcu_fd_sc_mcu7t5v0__dffq_4 (4)        |gf180mcu_fd_sc_mcu7t5v0__dffq_4 (4)        
gf180mcu_fd_sc_mcu7t5v0__nand2_2 (21)      |gf180mcu_fd_sc_mcu7t5v0__nand2_2 (21)      
gf180mcu_fd_sc_mcu7t5v0__oai22_1 (103)     |gf180mcu_fd_sc_mcu7t5v0__oai22_1 (103)     
gf180mcu_fd_sc_mcu7t5v0__clkinv_4 (3)      |gf180mcu_fd_sc_mcu7t5v0__clkinv_4 (3)      
gf180mcu_fd_sc_mcu7t5v0__and4_1 (9)        |gf180mcu_fd_sc_mcu7t5v0__and4_1 (9)        
gf180mcu_fd_sc_mcu7t5v0__or3_1 (23)        |gf180mcu_fd_sc_mcu7t5v0__or3_1 (23)        
gf180mcu_fd_sc_mcu7t5v0__dlyb_1 (18)       |gf180mcu_fd_sc_mcu7t5v0__dlyb_1 (18)       
gf180mcu_fd_sc_mcu7t5v0__xnor2_1 (50)      |gf180mcu_fd_sc_mcu7t5v0__xnor2_1 (50)      
gf180mcu_fd_sc_mcu7t5v0__or4_1 (28)        |gf180mcu_fd_sc_mcu7t5v0__or4_1 (28)        
gf180mcu_fd_sc_mcu7t5v0__fillcap_64 (8->1) |gf180mcu_fd_sc_mcu7t5v0__fillcap_64 (8->1) 
gf180mcu_fd_sc_mcu7t5v0__clkbuf_4 (28)     |gf180mcu_fd_sc_mcu7t5v0__clkbuf_4 (28)     
gf180mcu_fd_sc_mcu7t5v0__inv_2 (19)        |gf180mcu_fd_sc_mcu7t5v0__inv_2 (19)        
gf180mcu_fd_sc_mcu7t5v0__and2_2 (1)        |gf180mcu_fd_sc_mcu7t5v0__and2_2 (1)        
gf180mcu_fd_sc_mcu7t5v0__inv_3 (13)        |gf180mcu_fd_sc_mcu7t5v0__inv_3 (13)        
gf180mcu_fd_sc_mcu7t5v0__inv_4 (11)        |gf180mcu_fd_sc_mcu7t5v0__inv_4 (11)        
gf180mcu_fd_sc_mcu7t5v0__dffrnq_2 (2)      |gf180mcu_fd_sc_mcu7t5v0__dffrnq_2 (2)      
gf180mcu_fd_sc_mcu7t5v0__dffsnq_1 (11)     |gf180mcu_fd_sc_mcu7t5v0__dffsnq_1 (11)     
gf180mcu_fd_sc_mcu7t5v0__clkinv_12 (5)     |gf180mcu_fd_sc_mcu7t5v0__clkinv_12 (5)     
gf180mcu_fd_sc_mcu7t5v0__inv_20 (1)        |gf180mcu_fd_sc_mcu7t5v0__inv_20 (1)        
gf180mcu_fd_sc_mcu7t5v0__nor2_4 (1)        |gf180mcu_fd_sc_mcu7t5v0__nor2_4 (1)        
gf180mcu_fd_sc_mcu7t5v0__nor4_2 (2)        |gf180mcu_fd_sc_mcu7t5v0__nor4_2 (2)        
gf180mcu_fd_sc_mcu7t5v0__nor2_2 (4)        |gf180mcu_fd_sc_mcu7t5v0__nor2_2 (4)        
gf180mcu_fd_sc_mcu7t5v0__aoi222_1 (4)      |gf180mcu_fd_sc_mcu7t5v0__aoi222_1 (4)      
gf180mcu_fd_sc_mcu7t5v0__clkinv_8 (8)      |gf180mcu_fd_sc_mcu7t5v0__clkinv_8 (8)      
gf180mcu_fd_sc_mcu7t5v0__clkinv_2 (6)      |gf180mcu_fd_sc_mcu7t5v0__clkinv_2 (6)      
gf180mcu_fd_sc_mcu7t5v0__tieh (2)          |gf180mcu_fd_sc_mcu7t5v0__tieh (2)          
gf180mcu_fd_sc_mcu7t5v0__inv_8 (3)         |gf180mcu_fd_sc_mcu7t5v0__inv_8 (3)         
gf180mcu_fd_sc_mcu7t5v0__clkinv_3 (1)      |gf180mcu_fd_sc_mcu7t5v0__clkinv_3 (1)      
gf180mcu_fd_sc_mcu7t5v0__oai222_1 (2)      |gf180mcu_fd_sc_mcu7t5v0__oai222_1 (2)      
gf180mcu_fd_sc_mcu7t5v0__inv_1 (4)         |gf180mcu_fd_sc_mcu7t5v0__inv_1 (4)         
gf180mcu_fd_sc_mcu7t5v0__buf_2 (6)         |gf180mcu_fd_sc_mcu7t5v0__buf_2 (6)         
gf180mcu_fd_sc_mcu7t5v0__or3_2 (1)         |gf180mcu_fd_sc_mcu7t5v0__or3_2 (1)         
gf180mcu_fd_sc_mcu7t5v0__nand3_2 (2)       |gf180mcu_fd_sc_mcu7t5v0__nand3_2 (2)       
gf180mcu_fd_sc_mcu7t5v0__nor3_2 (2)        |gf180mcu_fd_sc_mcu7t5v0__nor3_2 (2)        
gf180mcu_fd_sc_mcu7t5v0__oai33_1 (1)       |gf180mcu_fd_sc_mcu7t5v0__oai33_1 (1)       
gf180mcu_fd_ip_sram__sram64x8m8wm1 (1)     |gf180mcu_fd_ip_sram__sram64x8m8wm1 (1)     
gf180mcu_fd_sc_mcu7t5v0__inv_12 (2)        |gf180mcu_fd_sc_mcu7t5v0__inv_12 (2)        
gf180mcu_fd_sc_mcu7t5v0__clkbuf_20 (5)     |gf180mcu_fd_sc_mcu7t5v0__clkbuf_20 (5)     
gf180mcu_fd_sc_mcu7t5v0__oai21_2 (1)       |gf180mcu_fd_sc_mcu7t5v0__oai21_2 (1)       
gf180mcu_fd_sc_mcu7t5v0__buf_20 (3)        |gf180mcu_fd_sc_mcu7t5v0__buf_20 (3)        
gf180mcu_fd_sc_mcu7t5v0__dffnrnq_1 (1)     |gf180mcu_fd_sc_mcu7t5v0__dffnrnq_1 (1)     
gf180mcu_fd_sc_mcu7t5v0__oai32_4 (1)       |gf180mcu_fd_sc_mcu7t5v0__oai32_4 (1)       
gf180mcu_fd_sc_mcu7t5v0__aoi22_2 (1)       |gf180mcu_fd_sc_mcu7t5v0__aoi22_2 (1)       
gf180mcu_fd_ip_sram__sram256x8m8wm1 (1)    |gf180mcu_fd_ip_sram__sram256x8m8wm1 (1)    
gf180mcu_fd_sc_mcu7t5v0__clkbuf_12 (1)     |gf180mcu_fd_sc_mcu7t5v0__clkbuf_12 (1)     
gf180mcu_fd_sc_mcu7t5v0__or2_2 (1)         |gf180mcu_fd_sc_mcu7t5v0__or2_2 (1)         
Number of devices: 13966                   |Number of devices: 13966                   
Number of nets: 13021                      |Number of nets: 13021                      
---------------------------------------------------------------------------------------
Netlists match uniquely.

Subcircuit pins:
Circuit 1: chip_top_full                   |Circuit 2: chip_top_full                   
-------------------------------------------|-------------------------------------------
scan_out                                   |scan_out                                   
spi_mosi                                   |spi_mosi                                   
spi_cs_n                                   |spi_cs_n                                   
gpio_out[4]                                |gpio_out[4]                                
gpio_out[1]                                |gpio_out[1]                                
gpio_out[3]                                |gpio_out[3]                                
gpio_out[2]                                |gpio_out[2]                                
gpio_out[0]                                |gpio_out[0]                                
spi_sclk                                   |spi_sclk                                   
uart_tx                                    |uart_tx                                    
clk                                        |clk                                        
rst_n                                      |rst_n                                      
scan_load                                  |scan_load                                  
scan_i0o1                                  |scan_i0o1                                  
scan_shift                                 |scan_shift                                 
uart_rx                                    |uart_rx                                    
scan_in                                    |scan_in                                    
clk_int                                    |clk_int                                    
gpio_in[0]                                 |gpio_in[0]                                 
gpio_in[1]                                 |gpio_in[1]                                 
VDD                                        |VDD                                        
VSS                                        |VSS                                        
---------------------------------------------------------------------------------------
Cell pin lists are equivalent.
Device classes chip_top_full and chip_top_full are equivalent.

Final result: Circuits match uniquely.
.
